order_id,order_date,courier,origin_city,destination_city,weight_kg,shipping_cost,delivery_days,status,customer_type
ORD0634,2026-01-01,J&T,Semarang,Semarang,1.7,13900.0,3,Delivered,New
ORD0663,2026-01-01,J&T,Bekasi,Surabaya,8.4,79100.0,4,Delivered,Returning
ORD0476,2026-01-01,JNE,Bandung,Semarang,3.2,31900.0,5,Delivered,New
ORD0829,2026-01-01,J&T,Bandung,Depok,1.1,17600.0,3,Delivered,Returning
ORD0852,2026-01-01,SiCepat,Jakarta,Bandung,6.7,73700.0,4,Delivered,Returning
ORD0123,2026-01-01,SiCepat,Jakarta,Bandung,3.8,26400.0,2,Delivered,Returning
ORD0959,2026-01-01,J&T,Tangerang,Yogyakarta,1.5,20700.0,6,Delivered,Returning
ORD0739,2026-01-01,SiCepat,Bandung,Bekasi,2.4,19900.0,5,Delivered,
ORD0438,2026-01-01,JNE,Surabaya,Bekasi,2.6,29000.0,2,Delivered,Returning
ORD0194,2026-01-02,SiCepat,Bandung,Depok,2.2,29700.0,5,Late,Returning
ORD0482,2026-01-02,SiCepat,Depok,Semarang,7.7,52300.0,5,Delivered,New
ORD0019,2026-01-02,AnterAja,Bandung,Surabaya,0.9,15600.0,4,Delivered,Returning
ORD0065,2026-01-02,J&T,Bandung,Semarang,1.2,15300.0,3,Delivered,New
ORD0248,2026-01-02,SiCepat,Jakarta,Surabaya,1.8,25400.0,4,Delivered,New
ORD0168,2026-01-03,SiCepat,Depok,Jakarta,2.3,21800.0,3,Delivered,New
ORD0220,2026-01-03,JNE,Yogyakarta,Bekasi,3.0,23100.0,4,Delivered,Returning
ORD0729,2026-01-03,AnterAja,Tangerang,Bekasi,2.6,21600.0,3,Delivered,New
ORD0870,2026-01-03,J&T,Jakarta,Depok,0.7,13500.0,4,Delivered,New
ORD0969,2026-01-03,J&T,Bandung,Semarang,2.9,36400.0,3,Delivered,Returning
ORD0667,2026-01-03,J&T,Semarang,Yogyakarta,2.7,31700.0,4,Delivered,Returning
ORD0753,2026-01-03,SiCepat,Yogyakarta,Depok,3.2,24300.0,4,Delivered,Returning
ORD0315,2026-01-04,JNE,Semarang,Semarang,4.5,25900.0,2,Delivered,Returning
ORD0069,2026-01-04,J&T,Jakarta,Bandung,3.0,37400.0,3,Delivered,Returning
ORD0478,2026-01-04,AnterAja,Bekasi,Jakarta,2.1,22600.0,5,Delivered,New
ORD0742,2026-01-04,J&T,Surabaya,Bekasi,1.5,18700.0,4,Delivered,Returning
ORD0935,2026-01-04,J&T,Yogyakarta,Yogyakarta,3.3,15800.0,2,Delivered,Returning
ORD0918,2026-01-04,J&T,Surabaya,Bandung,1.6,24700.0,4,Delivered,Returning
ORD0974,2026-01-05,J&T,Bekasi,Bandung,3.8,40400.0,5,Delivered,Returning
ORD0404,2026-01-05,AnterAja,Depok,Surabaya,1.7,14300.0,6,Late,Returning
ORD0124,2026-01-05,JNE,Tangerang,Jakarta,2.4,27900.0,4,Cancelled,Returning
ORD0822,2026-01-05,SiCepat,Surabaya,Yogyakarta,4.5,37600.0,4,Late,Returning
ORD0601,2026-01-05,JNE,Tangerang,Surabaya,4.1,31100.0,4,Delivered,Returning
ORD0703,2026-01-05,J&T,Bekasi,Bekasi,4.8,23300.0,4,Delivered,New
ORD0104,2026-01-05,J&T,Jakarta,Yogyakarta,1.5,13000.0,3,Delivered,New
ORD0323,2026-01-06,SiCepat,Semarang,Surabaya,4.6,37000.0,2,Delivered,New
ORD0725,2026-01-06,J&T,Bandung,Bandung,3.2,22600.0,2,Delivered,New
ORD0932,2026-01-06,JNE,Yogyakarta,Jakarta,,16100.0,4,Delivered,Returning
ORD0905,2026-01-06,AnterAja,Yogyakarta,Semarang,0.9,15000.0,3,Delivered,Returning
ORD0406,2026-01-06,SiCepat,Jakarta,Bekasi,2.8,34600.0,3,Delivered,New
ORD0796,2026-01-06,JNE,Bekasi,Surabaya,1.6,24900.0,3,Delivered,Returning
ORD0592,2026-01-07,JNE,Jakarta,Semarang,1.8,24000.0,3,Delivered,New
ORD0869,2026-01-07,J&T,Tangerang,Yogyakarta,0.7,16000.0,4,Delivered,Returning
ORD0242,2026-01-07,JNE,Bandung,Tangerang,3.9,31100.0,5,Delivered,Returning
ORD0057,2026-01-08,JNE,Depok,Yogyakarta,1.3,15700.0,2,Delivered,New
ORD0898,2026-01-08,AnterAja,Semarang,Yogyakarta,5.7,40500.0,5,Late,Returning
ORD0853,2026-01-08,JNE,Depok,Semarang,2.8,33800.0,3,Delivered,New
ORD0400,2026-01-08,JNE,Bekasi,Surabaya,2.4,30700.0,5,Late,Returning
ORD0676,2026-01-08,J&T,Tangerang,Bekasi,0.8,9000.0,4,Late,New
ORD0375,2026-01-08,J&T,Jakarta,Jakarta,0.8,12000.0,2,Delivered,Returning
ORD0304,2026-01-08,AnterAja,Jakarta,Bekasi,3.5,41200.0,5,Delivered,New
ORD0513,2026-01-08,JNE,Semarang,Yogyakarta,4.7,50900.0,3,Delivered,Returning
ORD0807,2026-01-08,JNE,Tangerang,Semarang,2.1,20600.0,3,Delivered,New
ORD0049,2026-01-09,AnterAja,Bekasi,Tangerang,1.2,9000.0,5,Late,Returning
ORD0254,2026-01-09,SiCepat,Yogyakarta,Semarang,1.4,16900.0,5,Delivered,New
ORD0092,2026-01-09,AnterAja,Jakarta,Semarang,6.7,36800.0,4,Delivered,New
ORD0589,2026-01-09,AnterAja,Bandung,Semarang,1.9,27200.0,3,Delivered,New
ORD0559,2026-01-09,AnterAja,Yogyakarta,Bekasi,2.1,23000.0,5,Delivered,Returning
ORD0988,2026-01-09,SiCepat,Semarang,Bandung,1.3,22000.0,4,Delivered,Returning
ORD0468,2026-01-10,SiCepat,Yogyakarta,Yogyakarta,0.5,9000.0,2,Delivered,New
ORD0699,2026-01-10,JNE,Yogyakarta,Tangerang,1.9,22000.0,3,Delivered,Returning
ORD0973,2026-01-10,J&T,Jakarta,Bekasi,2.0,24000.0,4,Delivered,New
ORD0710,2026-01-11,SiCepat,Depok,Depok,5.3,24200.0,2,Delivered,Returning
ORD0236,2026-01-11,J&T,Jakarta,Yogyakarta,0.7,9600.0,5,Delivered,Returning
ORD0185,2026-01-12,SiCepat,Tangerang,Bandung,3.7,39100.0,3,Delivered,New
ORD0669,2026-01-12,JNE,Jakarta,Semarang,5.3,33500.0,4,Delivered,New
ORD0109,2026-01-12,J&T,Bandung,Bekasi,2.1,24300.0,5,Delivered,New
ORD0831,2026-01-12,SiCepat,Bandung,Semarang,5.2,56900.0,4,Delivered,New
ORD0506,2026-01-12,J&T,Bekasi,Surabaya,1.1,11100.0,6,Cancelled,Returning
ORD0539,2026-01-12,J&T,Bandung,Depok,1.7,22500.0,4,Delivered,Returning
ORD0756,2026-01-12,J&T,Semarang,Yogyakarta,3.4,30200.0,3,Delivered,New
ORD0496,2026-01-12,SiCepat,Yogyakarta,Tangerang,1.4,16200.0,4,Delivered,New
ORD0367,2026-01-13,J&T,Jakarta,Bekasi,0.3,9000.0,4,Delivered,New
ORD0979,2026-01-13,JNE,Surabaya,Tangerang,1.9,26900.0,3,Delivered,New
ORD0887,2026-01-13,J&T,Bekasi,Bandung,2.5,25800.0,5,Delivered,Returning
ORD0416,2026-01-13,SiCepat,Depok,Semarang,0.6,12400.0,3,Delivered,Returning
ORD0541,2026-01-13,SiCepat,Bandung,Jakarta,0.8,19300.0,2,Delivered,Returning
ORD0144,2026-01-13,J&T,Semarang,Tangerang,0.4,10700.0,3,Delivered,New
ORD0074,2026-01-14,J&T,Semarang,Tangerang,3.6,25000.0,3,Delivered,Returning
ORD0048,2026-01-14,SiCepat,Semarang,Surabaya,1.1,13800.0,3,Delivered,Returning
ORD0866,2026-01-14,AnterAja,Tangerang,Surabaya,1.2,17700.0,5,Delivered,Returning
ORD0860,2026-01-14,SiCepat,Bekasi,Surabaya,4.2,37700.0,4,Delivered,Returning
ORD0660,2026-01-14,J&T,Jakarta,Depok,9.6,78000.0,5,Delivered,Returning
ORD0129,2026-01-15,AnterAja,Surabaya,Jakarta,2.0,20500.0,4,Delivered,New
ORD0004,2026-01-15,JNE,Semarang,Semarang,2.0,16000.0,1,Delivered,Returning
ORD0087,2026-01-15,SiCepat,Depok,Jakarta,0.8,13300.0,4,Delivered,Returning
ORD0877,2026-01-15,J&T,Bandung,Depok,1.0,16600.0,4,Delivered,Returning
ORD0397,2026-01-15,SiCepat,Surabaya,Surabaya,1.9,14900.0,3,Delivered,New
ORD0077,2026-01-15,AnterAja,Yogyakarta,Depok,1.0,17900.0,3,Delivered,New
ORD0032,2026-01-15,JNE,Semarang,Semarang,2.5,18600.0,1,Delivered,Returning
ORD0671,2026-01-16,J&T,Tangerang,Jakarta,1.0,16500.0,4,Late,Returning
ORD0479,2026-01-16,AnterAja,Yogyakarta,Surabaya,2.5,29300.0,4,Delivered,Returning
ORD0447,2026-01-16,AnterAja,Bekasi,Bekasi,1.1,9000.0,3,Delivered,New
ORD0987,2026-01-17,JNE,Yogyakarta,Yogyakarta,3.1,18100.0,2,Delivered,New
ORD0881,2026-01-17,AnterAja,Jakarta,Bandung,2.2,24900.0,3,Delivered,Returning
ORD0792,2026-01-17,AnterAja,Tangerang,Yogyakarta,0.2,12400.0,4,Late,Returning
ORD0318,2026-01-17,J&T,Surabaya,Bekasi,6.6,71400.0,4,Delivered,Returning
ORD0546,2026-01-17,JNE,Bekasi,Bekasi,1.1,9000.0,3,Delivered,Returning
ORD0354,2026-01-17,JNE,Bekasi,Depok,2.8,30700.0,3,Delivered,Returning
ORD0874,2026-01-18,JNE,Surabaya,Semarang,1.4,21800.0,5,Delivered,New
ORD0044,2026-01-18,JNE,Depok,Tangerang,1.9,17600.0,5,Delivered,Returning
ORD0338,2026-01-18,SiCepat,Yogyakarta,Bekasi,10.0,79700.0,4,Delivered,Returning
ORD0622,2026-01-19,JNE,Depok,Jakarta,0.9,17300.0,4,Delivered,Returning
ORD0954,2026-01-19,AnterAja,Bekasi,Jakarta,3.8,35400.0,3,Delivered,Returning
ORD0617,2026-01-19,SiCepat,Jakarta,Bandung,1.1,13000.0,3,Delivered,New
ORD0553,2026-01-19,AnterAja,Tangerang,Bandung,2.1,29300.0,5,Delivered,Returning
ORD0425,2026-01-19,J&T,Depok,Yogyakarta,0.5,12200.0,3,Delivered,New
ORD0656,2026-01-20,JNE,Depok,Bekasi,1.6,20100.0,3,Delivered,Returning
ORD0955,2026-01-20,AnterAja,Bekasi,Bekasi,0.9,9000.0,3,Delivered,Returning
ORD0373,2026-01-20,SiCepat,Bekasi,Semarang,0.4,11700.0,5,Delivered,Returning
ORD0821,2026-01-21,J&T,Depok,Bandung,3.7,41300.0,4,Delivered,New
ORD0307,2026-01-21,J&T,Surabaya,Bekasi,2.1,21200.0,6,Delivered,Returning
ORD0007,2026-01-21,AnterAja,Bekasi,Tangerang,3.2,35100.0,4,Delivered,New
ORD0287,2026-01-21,SiCepat,Surabaya,Surabaya,2.4,21700.0,1,Delivered,Returning
ORD0915,2026-01-21,SiCepat,Depok,Surabaya,1.7,16200.0,2,Delivered,Returning
ORD0041,2026-01-21,SiCepat,Yogyakarta,Semarang,2.2,24300.0,2,Delivered,Returning
ORD0527,2026-01-21,SiCepat,Jakarta,Yogyakarta,2.7,27200.0,2,Delivered,Returning
ORD0024,2026-01-21,SiCepat,Semarang,Bandung,1.4,18600.0,3,Delivered,Returning
ORD0826,2026-01-22,AnterAja,Semarang,Depok,0.6,12800.0,4,Late,New
ORD0449,2026-01-22,J&T,Bekasi,Surabaya,1.6,20200.0,3,Delivered,Returning
ORD0027,2026-01-22,AnterAja,Yogyakarta,Yogyakarta,3.1,22000.0,1,Delivered,Returning
ORD0299,2026-01-22,J&T,Semarang,Depok,0.8,14100.0,2,Delivered,New
ORD0542,2026-01-23,JNE,Yogyakarta,Yogyakarta,0.2,9000.0,2,Delivered,Returning
ORD0467,2026-01-23,AnterAja,Surabaya,Depok,3.8,39000.0,6,Delivered,Returning
ORD0731,2026-01-23,SiCepat,Bandung,Jakarta,1.5,23200.0,3,Delivered,New
ORD0431,2026-01-23,AnterAja,Jakarta,Depok,2.8,24100.0,4,Late,New
ORD0327,2026-01-24,SiCepat,Depok,Depok,3.3,19400.0,2,Delivered,Returning
ORD0345,2026-01-24,J&T,Tangerang,Tangerang,2.8,18100.0,3,Delivered,Returning
ORD0210,2026-01-24,SiCepat,Bandung,Bandung,0.2,11100.0,1,Delivered,Returning
ORD0480,2026-01-24,SiCepat,Yogyakarta,Yogyakarta,1.3,13400.0,1,Delivered,New
ORD0082,2026-01-24,SiCepat,Surabaya,Bekasi,1.2,16300.0,4,Delivered,New
ORD0885,2026-01-25,J&T,Tangerang,Tangerang,3.1,12400.0,4,Late,Returning
ORD0570,2026-01-25,JNE,Jakarta,Surabaya,0.3,11200.0,3,Delivered,New
ORD0888,2026-01-25,JNE,Bandung,Yogyakarta,1.8,25900.0,3,Delivered,New
ORD0811,2026-01-25,J&T,Depok,Tangerang,3.5,30800.0,5,Delivered,Returning
ORD0339,2026-01-25,J&T,Semarang,Yogyakarta,0.5,14100.0,3,Delivered,Returning
ORD0945,2026-01-26,J&T,Bandung,Bekasi,2.8,34400.0,3,Delivered,New
ORD0712,2026-01-26,J&T,Yogyakarta,Bandung,1.4,19600.0,4,Delivered,New
ORD0907,2026-01-26,SiCepat,Depok,Tangerang,2.6,23300.0,3,Delivered,New
ORD0362,2026-01-26,SiCepat,Bandung,Surabaya,1.2,11900.0,3,Delivered,Returning
ORD0840,2026-01-26,AnterAja,Yogyakarta,Yogyakarta,3.0,18400.0,4,Late,New
ORD0850,2026-01-26,SiCepat,Bandung,Semarang,4.7,45500.0,5,Delivered,New
ORD0127,2026-01-27,J&T,Semarang,Yogyakarta,0.6,15500.0,5,Delivered,Returning
ORD0716,2026-01-27,JNE,Semarang,Semarang,1.9,11600.0,1,Delivered,Returning
ORD0165,2026-01-27,JNE,Semarang,Bandung,2.0,18900.0,3,Delivered,New
ORD0599,2026-01-27,SiCepat,Jakarta,Semarang,1.3,14400.0,4,Delivered,Returning
ORD0306,2026-01-27,AnterAja,Depok,Semarang,1.2,22700.0,6,Late,Returning
ORD0305,2026-01-27,AnterAja,Depok,Yogyakarta,4.7,45000.0,5,Delivered,Returning
ORD0148,2026-01-28,JNE,Depok,Bandung,2.1,25600.0,5,Delivered,Returning
ORD0310,2026-01-28,J&T,Yogyakarta,Yogyakarta,1.4,14700.0,3,Delivered,New
ORD0106,2026-01-28,J&T,Jakarta,Yogyakarta,4.5,29100.0,2,Delivered,New
ORD0684,2026-01-28,JNE,Depok,Yogyakarta,4.2,29300.0,6,Delivered,Returning
ORD0560,2026-01-28,JNE,Jakarta,Surabaya,0.9,19600.0,5,Delivered,Returning
ORD0155,2026-01-28,J&T,Surabaya,Bekasi,0.5,11600.0,5,Delivered,New
ORD0861,2026-01-28,J&T,Surabaya,Depok,2.9,27200.0,6,Delivered,New
ORD0879,2026-01-28,JNE,Depok,Tangerang,2.4,24600.0,3,Delivered,Returning
ORD0154,2026-01-28,SiCepat,Depok,Bandung,3.5,38700.0,4,Late,New
ORD0602,2026-01-29,JNE,Surabaya,Surabaya,6.1,28900.0,4,Delivered,Returning
ORD0456,2026-01-29,SiCepat,Semarang,Semarang,3.9,20400.0,1,Delivered,New
ORD0787,2026-01-29,J&T,Tangerang,Semarang,2.3,23400.0,4,Delivered,New
ORD0504,2026-01-29,J&T,Bekasi,Depok,3.2,31100.0,6,Delivered,New
ORD0142,2026-01-29,SiCepat,Semarang,Bekasi,0.9,10200.0,3,Delivered,Returning
ORD0701,2026-01-30,AnterAja,Depok,Bekasi,1.9,18300.0,5,Delivered,Returning
ORD0545,2026-01-30,J&T,Bekasi,Bandung,1.5,22000.0,5,Delivered,Returning
ORD0775,2026-01-30,JNE,Surabaya,Jakarta,9.6,52800.0,5,Delivered,Returning
ORD0308,2026-01-30,AnterAja,Depok,Surabaya,1.5,22300.0,3,Delivered,Returning
ORD0159,2026-01-30,SiCepat,Tangerang,Yogyakarta,6.3,52100.0,3,Late,New
ORD0782,2026-01-30,J&T,Bekasi,Tangerang,9.1,67400.0,4,Late,Returning
ORD0928,2026-01-31,JNE,Bandung,Semarang,1.1,20800.0,4,Delivered,New
ORD0347,2026-02-01,SiCepat,Jakarta,Semarang,2.0,20100.0,6,Late,Returning
ORD0744,2026-02-01,JNE,Semarang,Semarang,0.5,10200.0,1,Delivered,Returning
ORD0383,2026-02-01,AnterAja,Depok,Yogyakarta,0.6,9000.0,4,Late,Returning
ORD0465,2026-02-02,AnterAja,Yogyakarta,Yogyakarta,2.6,16100.0,1,Delivered,New
ORD0285,2026-02-02,SiCepat,Yogyakarta,Bekasi,4.6,37700.0,5,Delivered,New
ORD0705,2026-02-02,JNE,Bekasi,Surabaya,4.6,48000.0,3,Delivered,New
ORD0111,2026-02-02,J&T,Bandung,Jakarta,5.5,59200.0,3,Delivered,Returning
ORD0295,2026-02-02,JNE,Semarang,Semarang,1.0,9100.0,1,Delivered,Returning
ORD0102,2026-02-02,AnterAja,Semarang,Yogyakarta,4.5,42500.0,5,Delivered,New
ORD0491,2026-02-02,AnterAja,Bandung,Jakarta,3.0,24000.0,5,Delivered,Returning
ORD0912,2026-02-02,SiCepat,Bandung,Semarang,1.8,17900.0,3,Delivered,Returning
ORD0471,2026-02-03,SiCepat,Surabaya,Yogyakarta,3.9,37600.0,3,Late,New
ORD0834,2026-02-03,AnterAja,Jakarta,Semarang,0.8,14200.0,3,Delivered,New
ORD0795,2026-02-03,JNE,Yogyakarta,Bandung,5.9,47200.0,3,Delivered,Returning
ORD0896,2026-02-03,J&T,Bandung,Tangerang,1.4,17400.0,4,Delivered,Returning
ORD0745,2026-02-03,SiCepat,Surabaya,Tangerang,2.4,25200.0,5,Delivered,Returning
ORD0439,2026-02-03,AnterAja,Bandung,Yogyakarta,0.8,9700.0,3,Delivered,Returning
ORD0059,2026-02-04,SiCepat,Jakarta,Surabaya,0.6,12800.0,4,Delivered,Returning
ORD0119,2026-02-04,J&T,Semarang,Depok,5.4,53500.0,4,Delivered,New
ORD0693,2026-02-04,JNE,Depok,Depok,1.1,12200.0,3,Cancelled,Returning
ORD0510,2026-02-04,AnterAja,Surabaya,Bekasi,3.0,28400.0,4,Delivered,New
ORD0316,2026-02-04,JNE,Bandung,Bekasi,7.5,52400.0,4,Late,Returning
ORD0930,2026-02-05,SiCepat,Semarang,Bekasi,5.1,53200.0,2,Delivered,New
ORD0851,2026-02-05,J&T,Surabaya,Jakarta,1.9,21100.0,4,Delivered,Returning
ORD0143,2026-02-05,J&T,Surabaya,Surabaya,0.5,11200.0,3,Delivered,Returning
ORD0371,2026-02-05,JNE,Bandung,Bekasi,0.6,13900.0,2,Delivered,New
ORD0534,2026-02-05,JNE,Bekasi,Yogyakarta,5.7,58800.0,4,Late,New
ORD0614,2026-02-05,JNE,Bekasi,Surabaya,2.4,21200.0,4,Delivered,Returning
ORD0115,2026-02-06,JNE,Bandung,Depok,5.2,39600.0,4,Delivered,Returning
ORD0252,2026-02-06,SiCepat,Yogyakarta,Jakarta,4.2,47800.0,6,Delivered,New
ORD0538,2026-02-06,JNE,Surabaya,Bekasi,2.4,26400.0,4,Delivered,Returning
ORD0964,2026-02-06,SiCepat,Depok,Yogyakarta,1.2,23000.0,6,Delivered,New
ORD0326,2026-02-06,AnterAja,Yogyakarta,Yogyakarta,1.3,14900.0,2,Delivered,Returning
ORD0963,2026-02-07,AnterAja,Bekasi,Tangerang,3.5,28300.0,5,Delivered,New
ORD0991,2026-02-07,SiCepat,Depok,Tangerang,0.2,14200.0,2,Delivered,Returning
ORD0771,2026-02-07,J&T,Yogyakarta,Depok,5.3,49500.0,3,Delivered,Returning
ORD0022,2026-02-07,J&T,Yogyakarta,Bekasi,0.5,11600.0,4,Late,Returning
ORD0301,2026-02-07,JNE,Depok,Depok,3.5,23200.0,2,Delivered,Returning
ORD0875,2026-02-07,JNE,Yogyakarta,Semarang,5.4,43500.0,4,Late,Returning
ORD0209,2026-02-07,J&T,Bekasi,Tangerang,4.5,44100.0,2,Delivered,Returning
ORD0880,2026-02-08,JNE,Jakarta,Bandung,6.2,51900.0,5,Delivered,Returning
ORD0577,2026-02-08,JNE,Semarang,Bandung,1.1,15100.0,5,Late,New
ORD0232,2026-02-08,SiCepat,Tangerang,Yogyakarta,8.2,60500.0,4,Delivered,New
ORD0463,2026-02-08,J&T,Jakarta,Yogyakarta,1.5,14300.0,6,Delivered,Returning
ORD0186,2026-02-08,J&T,Tangerang,Depok,3.8,45600.0,5,Delivered,Returning
ORD0623,2026-02-08,J&T,Jakarta,Tangerang,1.8,26900.0,4,Delivered,New
ORD0749,2026-02-08,J&T,Jakarta,Depok,2.4,33700.0,6,Delivered,Returning
ORD0360,2026-02-08,JNE,Tangerang,Jakarta,1.6,15200.0,4,Delivered,Returning
ORD0078,2026-02-09,AnterAja,Bandung,Tangerang,3.0,28700.0,5,Delivered,New
ORD0929,2026-02-09,AnterAja,Semarang,Semarang,3.8,19300.0,3,Delivered,New
ORD0686,2026-02-10,SiCepat,Bekasi,Bekasi,1.2,11800.0,2,Delivered,Returning
ORD0105,2026-02-10,J&T,Semarang,Bekasi,3.2,27800.0,4,Delivered,Returning
ORD0085,2026-02-10,SiCepat,Yogyakarta,Bandung,3.9,28600.0,5,Cancelled,Returning
ORD0240,2026-02-11,JNE,Jakarta,Depok,1.2,20100.0,1,Delivered,
ORD0902,2026-02-11,J&T,Surabaya,Bekasi,1.4,19100.0,4,Delivered,Returning
ORD0131,2026-02-11,SiCepat,Jakarta,Tangerang,1.3,16100.0,5,Delivered,Returning
ORD0580,2026-02-11,SiCepat,Bandung,Bandung,3.2,18400.0,2,Delivered,New
ORD0358,2026-02-12,J&T,Jakarta,Jakarta,1.9,15200.0,1,Delivered,Returning
ORD0502,2026-02-12,AnterAja,Surabaya,Bekasi,1.8,14400.0,3,Delivered,Returning
ORD0799,2026-02-12,AnterAja,Bekasi,Surabaya,3.2,37700.0,3,Delivered,Returning
ORD0948,2026-02-13,JNE,Surabaya,Semarang,1.7,17100.0,2,Delivered,Returning
ORD0503,2026-02-13,JNE,Bandung,Surabaya,6.4,42700.0,3,Delivered,New
ORD0645,2026-02-13,SiCepat,Depok,Depok,2.7,19400.0,2,Delivered,Returning
ORD0157,2026-02-13,JNE,Semarang,Surabaya,2.7,26900.0,3,Delivered,New
ORD0884,2026-02-13,JNE,Depok,Bekasi,1.6,22500.0,4,Delivered,New
ORD0072,2026-02-13,JNE,Semarang,Tangerang,3.0,29300.0,5,Delivered,New
ORD0151,2026-02-14,AnterAja,Semarang,Bekasi,5.0,41200.0,4,Late,Returning
ORD0837,2026-02-14,JNE,Semarang,Yogyakarta,1.7,25500.0,4,Delivered,New
ORD0612,2026-02-14,J&T,Tangerang,Bandung,1.8,18400.0,5,Delivered,Returning
ORD0088,2026-02-14,AnterAja,Semarang,Yogyakarta,1.6,17800.0,5,Delivered,Returning
ORD0508,2026-02-15,J&T,Bekasi,Jakarta,1.4,17600.0,3,Cancelled,Returning
ORD0329,2026-02-15,JNE,Tangerang,Depok,4.6,37500.0,3,Delivered,Returning
ORD0692,2026-02-15,JNE,Surabaya,Tangerang,1.7,19800.0,3,Delivered,Returning
ORD0321,2026-02-15,J&T,Surabaya,Jakarta,2.5,23900.0,2,Delivered,Returning
ORD0833,2026-02-15,SiCepat,Jakarta,Semarang,0.6,15900.0,2,Delivered,New
ORD0762,2026-02-16,AnterAja,Depok,Tangerang,1.4,20500.0,3,Delivered,Returning
ORD0458,2026-02-16,SiCepat,Bekasi,Jakarta,3.6,28900.0,5,Delivered,Returning
ORD0658,2026-02-16,J&T,Bandung,Yogyakarta,1.8,21000.0,4,Delivered,Returning
ORD0650,2026-02-16,JNE,Semarang,Depok,1.0,14700.0,2,Delivered,Returning
ORD0857,2026-02-16,JNE,Semarang,Yogyakarta,2.9,16400.0,4,Delivered,Returning
ORD0958,2026-02-16,JNE,Semarang,Depok,0.7,10100.0,3,Delivered,New
ORD0410,2026-02-16,J&T,Yogyakarta,Semarang,3.9,34300.0,3,Delivered,Returning
ORD0841,2026-02-16,AnterAja,Semarang,Depok,0.8,12700.0,5,Late,Returning
ORD0697,2026-02-16,AnterAja,Depok,Depok,2.6,17100.0,2,Delivered,Returning
ORD0250,2026-02-17,J&T,Jakarta,Bandung,1.3,14600.0,3,Delivered,Returning
ORD0112,2026-02-17,JNE,Tangerang,Tangerang,2.1,17300.0,2,Delivered,Returning
ORD0313,2026-02-17,SiCepat,Surabaya,Depok,5.2,53100.0,4,Delivered,New
ORD0443,2026-02-17,JNE,Bekasi,Bandung,4.3,27500.0,5,Delivered,Returning
ORD0288,2026-02-17,SiCepat,Tangerang,Surabaya,2.2,19200.0,2,Delivered,Returning
ORD0847,2026-02-17,J&T,Surabaya,Surabaya,3.9,21800.0,3,Delivered,Returning
ORD0076,2026-02-17,JNE,Tangerang,Depok,4.2,35800.0,5,Delivered,Returning
ORD0257,2026-02-17,JNE,Tangerang,Jakarta,0.9,13300.0,3,Delivered,New
ORD0659,2026-02-18,J&T,Bandung,Bekasi,1.9,20800.0,5,Delivered,Returning
ORD0317,2026-02-18,SiCepat,Tangerang,Jakarta,6.5,45400.0,3,Delivered,Returning
ORD0029,2026-02-18,J&T,Depok,Tangerang,2.3,28900.0,4,Delivered,Returning
ORD0393,2026-02-18,JNE,Yogyakarta,Surabaya,,34500.0,4,Delivered,Returning
ORD0995,2026-02-18,J&T,Depok,Yogyakarta,0.8,9600.0,4,Late,New
ORD0062,2026-02-19,SiCepat,Tangerang,Semarang,1.9,25500.0,3,Delivered,Returning
ORD0772,2026-02-19,JNE,Jakarta,Bandung,0.8,15700.0,4,Delivered,New
ORD0364,2026-02-19,J&T,Yogyakarta,Depok,0.8,14900.0,4,Delivered,Returning
ORD0755,2026-02-19,J&T,Yogyakarta,Jakarta,1.4,23200.0,3,Delivered,Returning
ORD0174,2026-02-20,AnterAja,Surabaya,Tangerang,1.3,16300.0,2,Delivered,Returning
ORD0303,2026-02-20,J&T,Surabaya,Bandung,1.6,23200.0,3,Delivered,Returning
ORD0034,2026-02-20,SiCepat,Depok,Bekasi,1.4,16600.0,3,Delivered,Returning
ORD0819,2026-02-20,SiCepat,Bekasi,Jakarta,3.3,41600.0,5,Late,New
ORD0039,2026-02-20,J&T,Depok,Depok,5.4,28000.0,2,Delivered,Returning
ORD0740,2026-02-20,JNE,Surabaya,Jakarta,7.8,63500.0,4,Cancelled,Returning
ORD0385,2026-02-20,AnterAja,Tangerang,Semarang,4.5,43900.0,3,Cancelled,New
ORD0784,2026-02-20,JNE,Yogyakarta,Tangerang,0.6,14800.0,3,Delivered,Returning
ORD0779,2026-02-21,J&T,Jakarta,Bekasi,3.4,37000.0,4,Late,New
ORD0414,2026-02-21,JNE,Bandung,Jakarta,6.0,38000.0,4,Delivered,New
ORD0136,2026-02-21,JNE,Bandung,Bandung,1.8,15100.0,2,Delivered,Returning
ORD0184,2026-02-21,JNE,Bekasi,Depok,2.5,28100.0,3,Delivered,New
ORD0562,2026-02-21,SiCepat,Bekasi,Yogyakarta,1.4,18200.0,4,Delivered,Returning
ORD0228,2026-02-21,JNE,Tangerang,Yogyakarta,0.2,10600.0,3,Delivered,Returning
ORD0732,2026-02-22,J&T,Jakarta,Yogyakarta,2.7,27900.0,4,Delivered,New
ORD0051,2026-02-22,AnterAja,Jakarta,Jakarta,0.7,11900.0,3,Delivered,New
ORD0081,2026-02-22,AnterAja,Yogyakarta,Yogyakarta,3.6,15600.0,4,Delivered,Returning
ORD0797,2026-02-22,JNE,Bekasi,Surabaya,1.4,15900.0,3,Delivered,Returning
ORD0202,2026-02-22,AnterAja,Depok,Tangerang,2.8,38500.0,5,Late,Returning
ORD0573,2026-02-22,JNE,Bekasi,Bandung,0.8,17100.0,3,Delivered,Returning
ORD0018,2026-02-22,J&T,Tangerang,Semarang,3.4,26600.0,5,Late,New
ORD0401,2026-02-22,JNE,Semarang,Tangerang,1.1,17100.0,3,Delivered,Returning
ORD0070,2026-02-23,J&T,Semarang,Jakarta,0.7,13200.0,5,Delivered,Returning
ORD0067,2026-02-23,AnterAja,Semarang,Yogyakarta,5.4,39700.0,6,Delivered,Returning
ORD0398,2026-02-23,JNE,Jakarta,Bekasi,1.7,20400.0,3,Delivered,Returning
ORD0757,2026-02-23,SiCepat,Semarang,Depok,4.4,42500.0,4,Delivered,Returning
ORD0340,2026-02-23,J&T,Surabaya,Yogyakarta,3.2,19600.0,4,Delivered,New
ORD0261,2026-02-23,SiCepat,Tangerang,Jakarta,5.1,37400.0,5,Delivered,New
ORD0280,2026-02-23,AnterAja,Bekasi,Bekasi,1.0,16100.0,2,Delivered,Returning
ORD0196,2026-02-23,J&T,Tangerang,Semarang,1.7,21900.0,5,Delivered,New
ORD0665,2026-02-23,JNE,Bandung,Surabaya,2.2,27100.0,3,Delivered,New
ORD0724,2026-02-24,SiCepat,Jakarta,Depok,0.7,14900.0,3,Delivered,Returning
ORD0412,2026-02-24,SiCepat,Semarang,Jakarta,1.3,18800.0,4,Delivered,New
ORD0925,2026-02-24,SiCepat,Depok,Semarang,4.1,29300.0,4,Delivered,Returning
ORD0036,2026-02-24,JNE,Tangerang,Tangerang,3.3,16400.0,2,Delivered,Returning
ORD0700,2026-02-25,J&T,Jakarta,Depok,3.8,28800.0,5,Delivered,Returning
ORD0867,2026-02-25,JNE,Semarang,Yogyakarta,2.3,26500.0,3,Delivered,Returning
ORD0639,2026-02-25,J&T,Yogyakarta,Tangerang,10.0,55900.0,5,Delivered,Returning
ORD0859,2026-02-25,SiCepat,Jakarta,Bandung,3.1,26200.0,3,Delivered,Returning
ORD0843,2026-02-25,JNE,Yogyakarta,Bekasi,0.9,12300.0,4,Delivered,New
ORD0370,2026-02-26,AnterAja,Yogyakarta,Bandung,0.9,16100.0,4,Delivered,New
ORD0759,2026-02-26,SiCepat,Depok,Bekasi,3.2,28500.0,3,Delivered,New
ORD0576,2026-02-26,AnterAja,Bandung,Semarang,6.3,39200.0,3,Delivered,New
ORD0390,2026-02-27,SiCepat,Depok,Tangerang,0.8,12400.0,3,Delivered,Returning
ORD0644,2026-02-27,SiCepat,Bekasi,Bandung,2.2,23200.0,2,Delivered,New
ORD0628,2026-02-27,J&T,Surabaya,Bekasi,3.5,25200.0,4,Delivered,New
ORD0026,2026-02-27,JNE,Yogyakarta,Surabaya,2.1,19700.0,4,Delivered,New
ORD0521,2026-02-27,JNE,Semarang,Bandung,1.8,22800.0,5,Delivered,New
ORD0436,2026-02-27,SiCepat,Yogyakarta,Tangerang,2.5,27600.0,3,Delivered,New
ORD0341,2026-02-27,SiCepat,Bandung,Bandung,0.4,9700.0,3,Delivered,Returning
ORD0427,2026-02-27,AnterAja,Yogyakarta,Bandung,2.7,41000.0,6,Cancelled,New
ORD0391,2026-02-27,JNE,Semarang,Surabaya,3.5,25100.0,4,Delivered,Returning
ORD0909,2026-02-28,J&T,Bandung,Bekasi,4.1,31400.0,4,Delivered,Returning
ORD0715,2026-02-28,SiCepat,Surabaya,Semarang,5.8,52600.0,5,Delivered,Returning
ORD0030,2026-02-28,AnterAja,Jakarta,Jakarta,2.8,14600.0,3,Delivered,Returning
ORD0177,2026-02-28,JNE,Yogyakarta,Bandung,1.8,21700.0,3,Delivered,Returning
ORD0368,2026-03-01,SiCepat,Jakarta,Surabaya,2.0,19200.0,3,Delivered,New
ORD0246,2026-03-01,J&T,Bekasi,Yogyakarta,1.9,26000.0,4,Delivered,New
ORD0047,2026-03-01,J&T,Bekasi,Surabaya,2.0,25300.0,5,Late,Returning
ORD0682,2026-03-01,JNE,Yogyakarta,Jakarta,1.3,15800.0,4,Delivered,New
ORD0402,2026-03-01,AnterAja,Bekasi,Surabaya,3.2,39000.0,4,Delivered,Returning
ORD0649,2026-03-02,AnterAja,Semarang,Jakarta,4.7,42200.0,3,Delivered,New
ORD0630,2026-03-02,AnterAja,Semarang,Surabaya,4.7,30800.0,5,Delivered,Returning
ORD0817,2026-03-02,JNE,Yogyakarta,Jakarta,3.8,28400.0,5,Delivered,Returning
ORD0848,2026-03-02,SiCepat,Yogyakarta,Surabaya,1.6,18300.0,5,Delivered,New
ORD0825,2026-03-02,JNE,Surabaya,Tangerang,2.3,17000.0,5,Delivered,Returning
ORD0312,2026-03-02,JNE,Bekasi,Semarang,3.6,34900.0,3,Delivered,Returning
ORD0921,2026-03-03,AnterAja,Bandung,Jakarta,5.9,37200.0,5,Delivered,Returning
ORD0997,2026-03-03,AnterAja,Yogyakarta,Depok,1.3,17200.0,6,Delivered,New
ORD0430,2026-03-03,AnterAja,Tangerang,Surabaya,1.5,21400.0,3,Delivered,Returning
ORD0942,2026-03-03,SiCepat,Depok,Bekasi,4.0,28900.0,3,Delivered,Returning
ORD0152,2026-03-03,J&T,Tangerang,Bandung,4.8,31900.0,3,Delivered,Returning
ORD0183,2026-03-03,JNE,Bekasi,Depok,6.4,40600.0,5,Delivered,Returning
ORD0172,2026-03-03,SiCepat,Yogyakarta,Bandung,2.9,26900.0,4,Late,Returning
ORD0114,2026-03-03,JNE,Bandung,Surabaya,2.6,32000.0,4,Delivered,Returning
ORD0548,2026-03-03,J&T,Yogyakarta,Depok,0.8,10600.0,3,Delivered,Returning
ORD0713,2026-03-04,J&T,Yogyakarta,Bandung,3.9,32900.0,5,Delivered,Returning
ORD0387,2026-03-04,JNE,Semarang,Semarang,2.9,16700.0,2,Delivered,Returning
ORD0134,2026-03-04,JNE,Bekasi,Jakarta,0.8,12200.0,5,Delivered,Returning
ORD0096,2026-03-04,AnterAja,Jakarta,Bandung,0.5,12400.0,5,Delivered,New
ORD0984,2026-03-04,J&T,Surabaya,Depok,1.4,16200.0,3,Delivered,Returning
ORD0846,2026-03-04,AnterAja,Bekasi,Yogyakarta,2.8,22400.0,4,Delivered,New
ORD0424,2026-03-04,SiCepat,Jakarta,Jakarta,1.5,11600.0,1,Late,Returning
ORD0037,2026-03-05,SiCepat,Semarang,Depok,2.1,23700.0,5,Delivered,Returning
ORD0962,2026-03-05,J&T,Surabaya,Bandung,2.2,29600.0,2,Delivered,Returning
ORD0908,2026-03-05,JNE,Bekasi,Bekasi,0.7,10400.0,1,Delivered,Returning
ORD0374,2026-03-06,SiCepat,Bandung,Tangerang,1.7,23800.0,2,Delivered,Returning
ORD0983,2026-03-06,J&T,Jakarta,Bandung,4.6,51600.0,6,Late,Returning
ORD0498,2026-03-06,JNE,Jakarta,Semarang,1.2,20900.0,5,Delivered,Returning
ORD0608,2026-03-06,JNE,Semarang,Semarang,4.5,22300.0,2,Delivered,Returning
ORD0089,2026-03-06,AnterAja,Jakarta,Semarang,0.8,14000.0,5,Delivered,Returning
ORD0707,2026-03-06,AnterAja,Tangerang,Semarang,3.3,40700.0,2,Delivered,New
ORD0933,2026-03-07,J&T,Bekasi,Bekasi,2.0,11600.0,2,Late,Returning
ORD0766,2026-03-07,J&T,Jakarta,Bandung,2.5,28500.0,4,Delivered,Returning
ORD0382,2026-03-07,JNE,Depok,Depok,1.5,13600.0,1,Delivered,Returning
ORD0149,2026-03-07,JNE,Semarang,Semarang,2.6,19600.0,1,Delivered,Returning
ORD0497,2026-03-08,JNE,Semarang,Yogyakarta,0.7,15000.0,4,Delivered,Returning
ORD0342,2026-03-08,AnterAja,Yogyakarta,Tangerang,4.6,51800.0,4,Late,Returning
ORD0336,2026-03-08,AnterAja,Tangerang,Surabaya,5.2,55700.0,3,Delivered,Returning
ORD0891,2026-03-08,J&T,Surabaya,Semarang,5.6,48400.0,5,Late,New
ORD0889,2026-03-09,AnterAja,Semarang,Semarang,2.3,15900.0,2,Delivered,Returning
ORD0206,2026-03-09,J&T,Yogyakarta,Semarang,1.6,18800.0,4,Delivered,Returning
ORD0284,2026-03-09,AnterAja,Depok,Bandung,1.5,22200.0,4,Late,Returning
ORD0953,2026-03-09,AnterAja,Tangerang,Yogyakarta,1.7,23000.0,4,Delivered,Returning
ORD0448,2026-03-10,AnterAja,Jakarta,Semarang,0.8,14500.0,5,Delivered,New
ORD0457,2026-03-10,J&T,Yogyakarta,Surabaya,3.3,29500.0,4,Delivered,Returning
ORD0469,2026-03-10,JNE,Surabaya,Surabaya,2.4,18900.0,2,Delivered,Returning
ORD0211,2026-03-10,JNE,Bandung,Semarang,3.0,35400.0,5,Delivered,New
ORD0794,2026-03-10,AnterAja,Semarang,Bandung,2.6,29800.0,3,Delivered,Returning
ORD0567,2026-03-10,J&T,Yogyakarta,Yogyakarta,1.4,15300.0,3,Delivered,New
ORD0477,2026-03-10,AnterAja,Bandung,Depok,0.9,13000.0,4,Delivered,Returning
ORD0996,2026-03-10,JNE,Bandung,Semarang,3.1,27200.0,6,Delivered,Returning
ORD0396,2026-03-11,SiCepat,Bekasi,Jakarta,2.9,25900.0,2,Delivered,Returning
ORD0218,2026-03-11,JNE,Jakarta,Bandung,6.5,59700.0,4,Delivered,Returning
ORD0828,2026-03-11,AnterAja,Surabaya,Depok,3.7,25800.0,6,Delivered,Returning
ORD0950,2026-03-11,JNE,Surabaya,Bandung,6.3,59300.0,7,Late,New
ORD0615,2026-03-11,AnterAja,Bandung,Tangerang,1.8,24600.0,5,Delivered,Returning
ORD0916,2026-03-11,AnterAja,Tangerang,Semarang,2.7,20000.0,4,Delivered,New
ORD0091,2026-03-12,JNE,Yogyakarta,Tangerang,0.4,10300.0,2,Delivered,Returning
ORD0146,2026-03-12,J&T,Yogyakarta,Yogyakarta,2.4,13200.0,3,Delivered,Returning
ORD0611,2026-03-12,J&T,Yogyakarta,Jakarta,0.3,11400.0,2,Delivered,New
ORD0006,2026-03-13,J&T,Yogyakarta,Yogyakarta,2.1,13600.0,2,Delivered,New
ORD0748,2026-03-13,AnterAja,Yogyakarta,Bekasi,1.2,18800.0,5,Delivered,New
ORD0108,2026-03-13,J&T,Bandung,Surabaya,0.2,13300.0,4,Delivered,New
ORD0042,2026-03-14,JNE,Bekasi,Bekasi,5.9,29200.0,2,Delivered,Returning
ORD0839,2026-03-14,J&T,Semarang,Bandung,1.4,16600.0,6,Delivered,Returning
ORD0986,2026-03-14,J&T,Yogyakarta,Depok,0.8,13500.0,6,Cancelled,New
ORD0670,2026-03-15,AnterAja,Bekasi,Tangerang,3.4,33100.0,4,Delivered,Returning
ORD0590,2026-03-15,J&T,Semarang,Depok,3.4,34800.0,5,Late,Returning
ORD0791,2026-03-15,SiCepat,Yogyakarta,Semarang,3.3,25600.0,2,Delivered,Returning
ORD0501,2026-03-15,JNE,Semarang,Yogyakarta,0.8,15700.0,4,Cancelled,New
ORD0160,2026-03-16,JNE,Surabaya,Bandung,1.7,16000.0,4,Delivered,New
ORD0920,2026-03-16,AnterAja,Jakarta,Bekasi,2.6,27200.0,3,Delivered,Returning
ORD0266,2026-03-16,SiCepat,Bekasi,Bandung,5.7,49400.0,5,Delivered,Returning
ORD0010,2026-03-16,JNE,Depok,Bandung,1.4,19200.0,5,Delivered,Returning
ORD0586,2026-03-16,SiCepat,Jakarta,Surabaya,3.1,19100.0,3,Delivered,New
ORD0934,2026-03-16,JNE,Yogyakarta,Bandung,3.0,35300.0,4,Delivered,New
ORD0523,2026-03-16,SiCepat,Semarang,Yogyakarta,5.5,46300.0,4,Delivered,Returning
ORD0767,2026-03-16,J&T,Jakarta,Yogyakarta,1.7,16700.0,6,Delivered,New
ORD0558,2026-03-17,JNE,Tangerang,Semarang,2.9,30400.0,3,Delivered,Returning
ORD0451,2026-03-17,J&T,Depok,Surabaya,0.9,13000.0,5,Late,Returning
ORD0588,2026-03-17,SiCepat,Surabaya,Semarang,1.7,19700.0,3,Delivered,Returning
ORD0968,2026-03-18,AnterAja,Bandung,Bekasi,3.4,24500.0,4,Delivered,New
ORD0999,2026-03-19,SiCepat,Depok,Depok,4.0,21500.0,2,Delivered,Returning
ORD0862,2026-03-19,JNE,Yogyakarta,Tangerang,3.4,30300.0,3,Delivered,Returning
ORD0737,2026-03-19,AnterAja,Yogyakarta,Tangerang,1.2,18500.0,4,Delivered,Returning
ORD0836,2026-03-19,JNE,Bekasi,Tangerang,1.6,23200.0,3,Late,Returning
ORD0776,2026-03-20,SiCepat,Semarang,Jakarta,0.7,10600.0,1,Cancelled,Returning
ORD0936,2026-03-20,JNE,Bandung,Bekasi,2.0,26500.0,3,Delivered,Returning
ORD0943,2026-03-20,J&T,Jakarta,Bandung,0.8,19500.0,5,Cancelled,Returning
ORD0781,2026-03-20,AnterAja,Tangerang,Depok,1.8,24300.0,4,Delivered,Returning
ORD0652,2026-03-21,AnterAja,Yogyakarta,Depok,4.4,40200.0,6,Late,Returning
ORD0803,2026-03-21,AnterAja,Yogyakarta,Yogyakarta,0.6,11400.0,3,Delivered,New
ORD0481,2026-03-21,JNE,Tangerang,Surabaya,3.0,31200.0,3,Delivered,Returning
ORD0511,2026-03-22,J&T,Semarang,Semarang,1.6,11900.0,3,Delivered,Returning
ORD0849,2026-03-22,JNE,Yogyakarta,Yogyakarta,3.9,21300.0,2,Cancelled,Returning
ORD0785,2026-03-22,J&T,Bandung,Bandung,2.2,12100.0,3,Delivered,Returning
ORD0098,2026-03-22,SiCepat,Surabaya,Surabaya,2.3,18600.0,1,Delivered,Returning
ORD0060,2026-03-22,SiCepat,Depok,Yogyakarta,2.3,22000.0,4,Delivered,New
ORD0192,2026-03-22,SiCepat,Tangerang,Surabaya,0.4,13600.0,3,Delivered,Returning
ORD0695,2026-03-23,JNE,Tangerang,Yogyakarta,4.3,45100.0,5,Late,Returning
ORD0774,2026-03-23,JNE,Tangerang,Semarang,0.4,10900.0,3,Delivered,
ORD0279,2026-03-23,JNE,Tangerang,Tangerang,1.4,13100.0,2,Delivered,Returning
ORD0079,2026-03-23,J&T,Surabaya,Yogyakarta,1.4,17200.0,4,Delivered,Returning
ORD0233,2026-03-23,SiCepat,Yogyakarta,Bekasi,1.7,22900.0,4,Delivered,New
ORD0901,2026-03-24,SiCepat,Jakarta,Yogyakarta,2.7,31100.0,2,Delivered,New
ORD0734,2026-03-24,AnterAja,Surabaya,Bekasi,1.9,17200.0,2,Cancelled,Returning
ORD0605,2026-03-24,JNE,Depok,Jakarta,1.2,13000.0,5,Cancelled,New
ORD0563,2026-03-24,SiCepat,Yogyakarta,Surabaya,2.4,20000.0,5,Late,New
ORD0982,2026-03-25,AnterAja,Surabaya,Bandung,1.7,18400.0,4,Delivered,Returning
ORD0549,2026-03-25,J&T,Yogyakarta,Depok,2.9,25100.0,4,Late,Returning
ORD0793,2026-03-25,SiCepat,Surabaya,Surabaya,4.2,20700.0,3,Delivered,New
ORD0485,2026-03-25,J&T,Bekasi,Yogyakarta,3.1,34100.0,5,Delivered,Returning
ORD0053,2026-03-25,AnterAja,Surabaya,Depok,2.4,18900.0,4,Delivered,New
ORD0271,2026-03-25,AnterAja,Bandung,Yogyakarta,1.3,14600.0,3,Delivered,Returning
ORD0158,2026-03-25,SiCepat,Surabaya,Yogyakarta,1.1,18400.0,4,Late,Returning
ORD0711,2026-03-26,AnterAja,Bekasi,Bandung,2.1,18000.0,3,Delivered,New
ORD0764,2026-03-26,J&T,Bekasi,Depok,4.8,34500.0,5,Delivered,Returning
ORD0462,2026-03-26,AnterAja,Bandung,Depok,3.4,28800.0,5,Delivered,Returning
ORD0736,2026-03-26,JNE,Depok,Yogyakarta,2.5,28800.0,3,Delivered,Returning
ORD0714,2026-03-27,J&T,Bekasi,Bekasi,0.7,13100.0,2,Delivered,New
ORD0349,2026-03-27,JNE,Surabaya,Yogyakarta,2.7,30200.0,3,Delivered,Returning
ORD0882,2026-03-27,JNE,Surabaya,Bekasi,2.3,28500.0,4,Delivered,New
ORD0455,2026-03-27,JNE,Tangerang,Tangerang,3.9,16400.0,3,Delivered,New
ORD0384,2026-03-27,AnterAja,Bekasi,Bandung,1.8,16300.0,5,Delivered,New
ORD0551,2026-03-27,J&T,Depok,Surabaya,1.5,18900.0,3,Delivered,New
ORD0147,2026-03-27,J&T,Bandung,Tangerang,3.0,32500.0,3,Delivered,Returning
ORD0392,2026-03-27,AnterAja,Yogyakarta,Surabaya,1.1,16100.0,3,Cancelled,Returning
ORD0609,2026-03-27,SiCepat,Jakarta,Tangerang,2.8,29000.0,4,Late,New
ORD0197,2026-03-28,J&T,Tangerang,Bandung,1.3,19900.0,6,Delivered,Returning
ORD0093,2026-03-29,AnterAja,Yogyakarta,Surabaya,2.9,33300.0,4,Delivered,New
ORD0020,2026-03-29,J&T,Semarang,Bandung,2.0,28800.0,3,Delivered,Returning
ORD0011,2026-03-29,JNE,Tangerang,Tangerang,2.9,19400.0,2,Delivered,New
ORD0090,2026-03-30,J&T,Bekasi,Bekasi,5.6,26200.0,3,Delivered,Returning
ORD0028,2026-03-30,J&T,Bekasi,Yogyakarta,2.9,20300.0,3,Delivered,Returning
ORD0444,2026-03-30,J&T,Tangerang,Semarang,4.4,50000.0,7,Delivered,Returning
ORD0046,2026-03-30,JNE,Semarang,Yogyakarta,0.9,15500.0,4,Delivered,New
ORD0960,2026-03-31,JNE,Bekasi,Tangerang,1.8,24100.0,4,Late,New
ORD0832,2026-03-31,AnterAja,Yogyakarta,Surabaya,1.3,16000.0,4,Late,Returning
ORD0621,2026-03-31,JNE,Surabaya,Surabaya,1.2,13700.0,2,Delivered,Returning
ORD0244,2026-03-31,JNE,Tangerang,Bandung,2.5,27300.0,5,Delivered,Returning
ORD0050,2026-03-31,J&T,Depok,Bekasi,2.8,28800.0,4,Delivered,New
ORD0516,2026-03-31,SiCepat,Surabaya,Bekasi,1.7,21300.0,3,Late,New
ORD0512,2026-03-31,AnterAja,Surabaya,Depok,1.8,26900.0,4,Delivered,Returning
ORD0428,2026-03-31,SiCepat,Tangerang,Semarang,1.1,14500.0,5,Delivered,Returning
ORD0224,2026-03-31,SiCepat,Jakarta,Depok,1.4,18200.0,6,Late,New
ORD0680,2026-03-31,SiCepat,Depok,Bandung,1.5,15300.0,3,Delivered,Returning
ORD0130,2026-03-31,J&T,Depok,Surabaya,6.7,64700.0,3,Delivered,New
ORD0620,2026-04-01,JNE,Semarang,Surabaya,2.6,24000.0,3,Cancelled,New
ORD0777,2026-04-01,SiCepat,Surabaya,Tangerang,4.9,38700.0,3,Delivered,Returning
ORD0678,2026-04-02,J&T,Surabaya,Jakarta,1.0,13500.0,3,Delivered,Returning
ORD0636,2026-04-02,J&T,Bandung,Depok,0.7,15500.0,4,Delivered,Returning
ORD0746,2026-04-02,AnterAja,Surabaya,Depok,2.8,30100.0,7,Delivered,Returning
ORD0380,2026-04-02,SiCepat,Tangerang,Bekasi,2.5,21300.0,4,Late,New
ORD0162,2026-04-02,JNE,Bandung,Depok,1.7,15100.0,4,Delivered,Returning
ORD0054,2026-04-02,JNE,Semarang,Semarang,3.3,26300.0,2,Delivered,Returning
ORD0426,2026-04-02,JNE,Yogyakarta,Bandung,1.8,22100.0,3,Delivered,New
ORD0823,2026-04-02,JNE,Depok,Surabaya,2.9,33100.0,2,Delivered,Returning
ORD0814,2026-04-03,SiCepat,Bekasi,Surabaya,3.1,25500.0,3,Late,New
ORD0328,2026-04-03,JNE,Bandung,Bandung,2.0,15000.0,4,Delivered,Returning
ORD0514,2026-04-03,JNE,Surabaya,Bekasi,5.1,51000.0,4,Late,New
ORD0450,2026-04-03,JNE,Semarang,Depok,0.8,13400.0,4,Late,Returning
ORD0275,2026-04-03,SiCepat,Semarang,Jakarta,3.8,30800.0,5,Delivered,Returning
ORD0219,2026-04-03,AnterAja,Semarang,Surabaya,1.8,19700.0,3,Delivered,Returning
ORD0003,2026-04-03,JNE,Surabaya,Bekasi,1.7,24600.0,3,Delivered,Returning
ORD0922,2026-04-04,J&T,Depok,Semarang,2.4,30400.0,3,Delivered,New
ORD0919,2026-04-04,JNE,Yogyakarta,Bekasi,1.9,22100.0,3,Delivered,New
ORD0940,2026-04-04,J&T,Yogyakarta,Surabaya,1.7,24800.0,3,Delivered,New
ORD0844,2026-04-04,SiCepat,Bekasi,Bandung,2.3,16400.0,2,Delivered,Returning
ORD0409,2026-04-04,J&T,Yogyakarta,Depok,0.8,12000.0,4,Delivered,New
ORD0993,2026-04-04,JNE,Surabaya,Surabaya,3.9,19800.0,2,Delivered,New
ORD0459,2026-04-04,JNE,Depok,Bandung,3.5,45300.0,4,Delivered,New
ORD0747,2026-04-05,JNE,Tangerang,Bekasi,2.5,27900.0,4,Delivered,Returning
ORD0075,2026-04-05,SiCepat,Semarang,Semarang,1.5,9700.0,2,Delivered,Returning
ORD0331,2026-04-05,JNE,Depok,Tangerang,3.0,28100.0,4,Delivered,Returning
ORD0726,2026-04-05,AnterAja,Tangerang,Depok,5.4,47600.0,4,Delivered,New
ORD0994,2026-04-05,SiCepat,Yogyakarta,Semarang,3.7,32700.0,3,Delivered,Returning
ORD0507,2026-04-05,SiCepat,Semarang,Semarang,1.9,18000.0,1,Delivered,
ORD0804,2026-04-05,J&T,Surabaya,Jakarta,2.4,28500.0,5,Delivered,Returning
ORD0923,2026-04-05,AnterAja,Bekasi,Yogyakarta,1.3,18400.0,4,Delivered,New
ORD0475,2026-04-06,SiCepat,Semarang,Surabaya,3.1,24200.0,3,Delivered,New
ORD0812,2026-04-06,J&T,Semarang,Tangerang,1.7,27600.0,5,Late,New
ORD0535,2026-04-06,JNE,Depok,Yogyakarta,1.3,13500.0,2,Late,New
ORD0227,2026-04-06,JNE,Semarang,Depok,5.2,48800.0,4,Delivered,New
ORD0180,2026-04-06,JNE,Jakarta,Semarang,0.6,13000.0,4,Delivered,New
ORD0137,2026-04-06,JNE,Depok,Semarang,1.5,19800.0,3,Delivered,New
ORD0135,2026-04-06,AnterAja,Tangerang,Bandung,3.2,33800.0,4,Delivered,Returning
ORD0440,2026-04-06,AnterAja,Depok,Semarang,4.7,49500.0,4,Delivered,Returning
ORD0216,2026-04-07,JNE,Depok,Semarang,3.2,30400.0,6,Delivered,New
ORD0309,2026-04-07,AnterAja,Tangerang,Jakarta,4.9,52500.0,4,Delivered,Returning
ORD0213,2026-04-08,AnterAja,Jakarta,Depok,1.7,17100.0,4,Late,New
ORD0719,2026-04-08,SiCepat,Jakarta,Semarang,4.9,28400.0,4,Late,Returning
ORD0773,2026-04-08,J&T,Depok,Jakarta,4.7,31400.0,5,Delivered,New
ORD0381,2026-04-08,J&T,Surabaya,Bandung,0.8,19600.0,4,Late,New
ORD0241,2026-04-09,SiCepat,Depok,Yogyakarta,0.9,17000.0,2,Delivered,Returning
ORD0543,2026-04-09,SiCepat,Bekasi,Bekasi,5.0,26500.0,2,Delivered,New
ORD0568,2026-04-09,JNE,Bekasi,Depok,3.5,38200.0,3,Delivered,New
ORD0533,2026-04-09,J&T,Yogyakarta,Tangerang,0.4,13100.0,4,Delivered,Returning
ORD0332,2026-04-09,AnterAja,Tangerang,Surabaya,0.9,13400.0,5,Delivered,Returning
ORD0324,2026-04-09,J&T,Bekasi,Surabaya,3.3,36400.0,3,Delivered,New
ORD0363,2026-04-09,JNE,Yogyakarta,Surabaya,5.3,50000.0,3,Delivered,Returning
ORD0855,2026-04-09,AnterAja,Yogyakarta,Tangerang,2.4,22200.0,5,Delivered,New
ORD0116,2026-04-09,J&T,Jakarta,Bandung,6.7,53000.0,3,Delivered,Returning
ORD0273,2026-04-09,SiCepat,Jakarta,Surabaya,2.9,24700.0,3,Delivered,
ORD0721,2026-04-09,SiCepat,Jakarta,Bandung,2.6,21600.0,4,Delivered,Returning
ORD0411,2026-04-09,JNE,Bandung,Bekasi,2.2,27200.0,2,Delivered,New
ORD0255,2026-04-09,JNE,Semarang,Bandung,1.8,28500.0,3,Delivered,New
ORD0470,2026-04-10,J&T,Depok,Bandung,1.0,14200.0,3,Delivered,Returning
ORD0464,2026-04-10,SiCepat,Depok,Semarang,1.5,13100.0,4,Delivered,New
ORD0967,2026-04-10,AnterAja,Yogyakarta,Surabaya,1.9,23800.0,5,Delivered,New
ORD0555,2026-04-10,JNE,Yogyakarta,Jakarta,2.1,27700.0,2,Delivered,Returning
ORD0013,2026-04-10,AnterAja,Yogyakarta,Tangerang,0.7,14900.0,4,Delivered,Returning
ORD0120,2026-04-11,SiCepat,Bandung,Bekasi,0.9,9000.0,3,Delivered,Returning
ORD0399,2026-04-11,AnterAja,Semarang,Bekasi,1.0,15400.0,6,Delivered,Returning
ORD0495,2026-04-11,SiCepat,Bandung,Semarang,1.1,13600.0,4,Delivered,Returning
ORD0466,2026-04-11,JNE,Bandung,Surabaya,6.4,54800.0,2,Delivered,New
ORD0985,2026-04-11,J&T,Bandung,Jakarta,7.2,43400.0,5,Delivered,Returning
ORD0530,2026-04-11,AnterAja,Yogyakarta,Surabaya,3.5,32000.0,5,Delivered,New
ORD0904,2026-04-11,J&T,Tangerang,Yogyakarta,1.5,16200.0,4,Delivered,Returning
ORD0685,2026-04-11,SiCepat,Tangerang,Tangerang,7.4,33900.0,1,Delivered,New
ORD0190,2026-04-11,JNE,Depok,Bekasi,0.5,16000.0,3,Delivered,Returning
ORD0728,2026-04-12,SiCepat,Surabaya,Tangerang,1.4,13000.0,3,Delivered,Returning
ORD0672,2026-04-12,JNE,Bandung,Semarang,1.7,19900.0,1,Delivered,Returning
ORD0126,2026-04-13,JNE,Tangerang,Semarang,5.0,47600.0,3,Delivered,Returning
ORD0008,2026-04-13,JNE,Bekasi,Bandung,2.3,25100.0,3,Delivered,New
ORD0169,2026-04-13,JNE,Bekasi,Surabaya,2.1,21500.0,3,Delivered,Returning
ORD0001,2026-04-13,SiCepat,Surabaya,Bekasi,3.5,29300.0,4,Delivered,Returning
ORD0405,2026-04-13,AnterAja,Semarang,Jakarta,3.2,28200.0,4,Delivered,Returning
ORD0769,2026-04-13,SiCepat,Yogyakarta,Depok,3.0,29700.0,3,Delivered,New
ORD0234,2026-04-14,JNE,Jakarta,Bandung,1.2,14900.0,3,Late,New
ORD0118,2026-04-14,AnterAja,Tangerang,Tangerang,2.7,16100.0,2,Delivered,Returning
ORD0355,2026-04-14,JNE,Depok,Yogyakarta,1.3,23800.0,3,Delivered,Returning
ORD0809,2026-04-14,J&T,Depok,Bandung,3.1,34200.0,4,Delivered,New
ORD0343,2026-04-14,AnterAja,Tangerang,Depok,1.2,10700.0,4,Delivered,Returning
ORD0063,2026-04-14,J&T,Depok,Semarang,0.5,13000.0,2,Delivered,Returning
ORD0014,2026-04-14,SiCepat,Bandung,Yogyakarta,6.0,57400.0,4,Late,Returning
ORD0270,2026-04-14,JNE,Yogyakarta,Surabaya,2.3,21100.0,5,Late,Returning
ORD0632,2026-04-15,AnterAja,Yogyakarta,Yogyakarta,1.2,12900.0,3,Delivered,New
ORD0544,2026-04-15,J&T,Bandung,Surabaya,5.7,55700.0,7,Delivered,Returning
ORD0519,2026-04-15,J&T,Surabaya,Yogyakarta,2.3,21000.0,3,Delivered,Returning
ORD0720,2026-04-15,JNE,Yogyakarta,Surabaya,5.0,32500.0,3,Delivered,Returning
ORD0783,2026-04-16,J&T,Bandung,Jakarta,6.7,57900.0,3,Delivered,New
ORD0419,2026-04-16,J&T,Bekasi,Semarang,1.4,19200.0,4,Delivered,Returning
ORD0068,2026-04-16,SiCepat,Jakarta,Surabaya,1.6,13300.0,3,Delivered,Returning
ORD0845,2026-04-17,JNE,Jakarta,Semarang,2.0,21300.0,5,Delivered,Returning
ORD0005,2026-04-17,SiCepat,Bandung,Semarang,6.2,64600.0,5,Delivered,Returning
ORD0873,2026-04-17,AnterAja,Semarang,Jakarta,2.6,30600.0,4,Delivered,Returning
ORD0403,2026-04-18,AnterAja,Tangerang,Jakarta,1.0,19200.0,7,Cancelled,
ORD0035,2026-04-18,J&T,Bekasi,Bandung,2.3,21200.0,5,Delivered,New
ORD0156,2026-04-18,JNE,Bandung,Tangerang,1.9,17900.0,4,Delivered,New
ORD0618,2026-04-18,JNE,Semarang,Bekasi,6.1,37100.0,5,Delivered,New
ORD0407,2026-04-19,J&T,Bekasi,Surabaya,2.9,37100.0,4,Delivered,New
ORD0910,2026-04-19,JNE,Yogyakarta,Bandung,1.8,20000.0,3,Delivered,Returning
ORD0607,2026-04-19,J&T,Depok,Bekasi,0.7,13000.0,2,Delivered,Returning
ORD0864,2026-04-19,SiCepat,Bekasi,Tangerang,2.6,28300.0,5,Late,Returning
ORD0892,2026-04-19,AnterAja,Bekasi,Semarang,3.8,33800.0,4,Delivered,New
ORD0578,2026-04-19,JNE,Bekasi,Bandung,5.9,61100.0,3,Delivered,Returning
ORD0302,2026-04-19,SiCepat,Yogyakarta,Tangerang,1.8,18500.0,1,Delivered,New
ORD0702,2026-04-19,J&T,Yogyakarta,Tangerang,0.8,14100.0,3,Delivered,Returning
ORD0738,2026-04-20,SiCepat,Depok,Jakarta,3.3,26500.0,4,Delivered,Returning
ORD0278,2026-04-20,AnterAja,Bekasi,Surabaya,0.8,11900.0,5,Late,New
ORD0564,2026-04-21,J&T,Depok,Depok,1.4,16700.0,3,Delivered,Returning
ORD0801,2026-04-21,AnterAja,Tangerang,Yogyakarta,1.2,14000.0,6,Delivered,Returning
ORD0895,2026-04-21,J&T,Surabaya,Tangerang,7.0,54500.0,5,Late,Returning
ORD0080,2026-04-21,SiCepat,Bandung,Bekasi,0.5,14100.0,2,Delivered,Returning
ORD0311,2026-04-21,AnterAja,Semarang,Surabaya,0.8,9500.0,4,Late,New
ORD0055,2026-04-21,J&T,Bekasi,Semarang,3.0,27400.0,5,Delivered,New
ORD0897,2026-04-21,SiCepat,Yogyakarta,Depok,1.9,28100.0,4,Late,New
ORD0871,2026-04-21,SiCepat,Bekasi,Bandung,2.3,20800.0,5,Late,Returning
ORD0894,2026-04-21,J&T,Surabaya,Bandung,1.6,21600.0,3,Delivered,Returning
ORD0245,2026-04-22,J&T,Surabaya,Bandung,0.3,9000.0,5,Late,Returning
ORD0761,2026-04-22,J&T,Depok,Jakarta,0.4,14800.0,4,Delivered,Returning
ORD0917,2026-04-22,JNE,Depok,Bandung,3.1,41300.0,3,Delivered,Returning
ORD0550,2026-04-22,SiCepat,Bandung,Surabaya,1.7,15700.0,4,Late,Returning
ORD0272,2026-04-22,SiCepat,Depok,Bekasi,3.2,20000.0,4,Late,Returning
ORD0956,2026-04-23,SiCepat,Bekasi,Bandung,4.7,46600.0,5,Delivered,Returning
ORD0939,2026-04-23,J&T,Surabaya,Bandung,1.7,21500.0,4,Delivered,New
ORD0743,2026-04-23,SiCepat,Surabaya,Yogyakarta,3.9,40500.0,4,Delivered,Returning
ORD0267,2026-04-23,J&T,Depok,Bandung,5.4,47400.0,4,Delivered,Returning
ORD0193,2026-04-23,JNE,Yogyakarta,Semarang,1.3,23000.0,4,Delivered,Returning
ORD0247,2026-04-23,J&T,Yogyakarta,Jakarta,2.8,32300.0,4,Delivered,Returning
ORD0547,2026-04-23,JNE,Yogyakarta,Tangerang,1.9,14900.0,4,Delivered,Returning
ORD0540,2026-04-23,JNE,Tangerang,Depok,3.0,31900.0,4,Delivered,Returning
ORD0191,2026-04-23,J&T,Tangerang,Surabaya,1.5,18600.0,3,Cancelled,Returning
ORD0637,2026-04-23,AnterAja,Jakarta,Semarang,1.2,16800.0,5,Delivered,New
ORD0189,2026-04-23,J&T,Bekasi,Surabaya,1.2,22900.0,4,Late,New
ORD0900,2026-04-23,J&T,Jakarta,Surabaya,0.5,10600.0,5,Delivered,New
ORD0854,2026-04-23,SiCepat,Yogyakarta,Bekasi,1.7,26500.0,3,Delivered,Returning
ORD0182,2026-04-23,JNE,Semarang,Surabaya,2.5,32000.0,5,Delivered,Returning
ORD0346,2026-04-24,J&T,Tangerang,Yogyakarta,3.8,35400.0,3,Delivered,New
ORD0522,2026-04-24,AnterAja,Tangerang,Tangerang,5.3,24500.0,2,Delivered,Returning
ORD0417,2026-04-24,JNE,Yogyakarta,Jakarta,,37200.0,4,Delivered,New
ORD0876,2026-04-25,SiCepat,Jakarta,Yogyakarta,1.7,15200.0,4,Late,Returning
ORD0378,2026-04-25,JNE,Yogyakarta,Tangerang,3.6,27600.0,2,Delivered,Returning
ORD0868,2026-04-25,SiCepat,Yogyakarta,Bandung,1.8,19000.0,4,Delivered,Returning
ORD0297,2026-04-25,AnterAja,Jakarta,Bandung,1.7,19000.0,3,Delivered,New
ORD0696,2026-04-25,J&T,Tangerang,Jakarta,2.7,27000.0,7,Delivered,Returning
ORD0800,2026-04-25,JNE,Surabaya,Jakarta,0.4,14200.0,3,Delivered,New
ORD0518,2026-04-25,AnterAja,Jakarta,Depok,1.8,25600.0,4,Delivered,Returning
ORD0408,2026-04-26,JNE,Bekasi,Semarang,2.0,20100.0,4,Late,Returning
ORD0167,2026-04-26,JNE,Jakarta,Bekasi,1.6,14600.0,4,Delivered,Returning
ORD0265,2026-04-26,JNE,Tangerang,Bekasi,2.7,33400.0,4,Delivered,New
ORD0212,2026-04-26,JNE,Bandung,Jakarta,3.9,29900.0,4,Delivered,Returning
ORD0333,2026-04-26,J&T,Jakarta,Tangerang,1.6,13100.0,4,Delivered,New
ORD0642,2026-04-27,AnterAja,Bandung,Yogyakarta,1.8,21300.0,5,Late,New
ORD0664,2026-04-27,AnterAja,Jakarta,Tangerang,7.3,57400.0,5,Late,New
ORD0675,2026-04-27,J&T,Jakarta,Surabaya,0.8,16200.0,3,Delivered,Returning
ORD1000,2026-04-27,AnterAja,Yogyakarta,Surabaya,4.3,29900.0,4,Delivered,Returning
ORD0445,2026-04-27,SiCepat,Semarang,Jakarta,0.9,17600.0,3,Delivered,Returning
ORD0566,2026-04-27,J&T,Depok,Depok,0.3,10100.0,2,Delivered,Returning
ORD0012,2026-04-27,JNE,Tangerang,Bandung,5.4,50900.0,4,Late,Returning
ORD0322,2026-04-27,J&T,Depok,Tangerang,2.5,23900.0,6,Delivered,Returning
ORD0429,2026-04-27,SiCepat,Bekasi,Semarang,4.9,43600.0,5,Delivered,Returning
ORD0706,2026-04-28,AnterAja,Depok,Bekasi,3.0,25500.0,6,Delivered,New
ORD0952,2026-04-28,J&T,Jakarta,Jakarta,3.2,16600.0,2,Delivered,New
ORD0938,2026-04-28,J&T,Bandung,Surabaya,1.4,12100.0,4,Delivered,Returning
ORD0666,2026-04-28,SiCepat,Jakarta,Bekasi,3.9,41300.0,4,Delivered,Returning
ORD0178,2026-04-28,J&T,Surabaya,Bandung,3.0,23600.0,4,Late,Returning
ORD0653,2026-04-28,JNE,Jakarta,Bandung,3.9,33600.0,4,Delivered,Returning
ORD0805,2026-04-28,JNE,Bekasi,Depok,5.2,47000.0,2,Delivered,Returning
ORD0442,2026-04-28,AnterAja,Surabaya,Bandung,3.2,24900.0,5,Delivered,Returning
ORD0752,2026-04-28,J&T,Yogyakarta,Surabaya,2.4,28900.0,5,Delivered,Returning
ORD0298,2026-04-29,JNE,Jakarta,Depok,3.1,34700.0,3,Delivered,New
ORD0704,2026-04-29,JNE,Yogyakarta,Depok,2.8,26000.0,3,Delivered,New
ORD0878,2026-04-29,JNE,Surabaya,Jakarta,6.8,62700.0,4,Delivered,Returning
ORD0262,2026-04-30,J&T,Semarang,Bekasi,4.2,43800.0,5,Delivered,Returning
ORD0525,2026-04-30,AnterAja,Bandung,Bekasi,2.9,26100.0,3,Delivered,Returning
ORD0423,2026-04-30,J&T,Tangerang,Yogyakarta,2.3,28600.0,4,Late,New
ORD0166,2026-05-01,SiCepat,Tangerang,Tangerang,0.5,9000.0,1,Cancelled,New
ORD0842,2026-05-01,J&T,Bandung,Bandung,4.9,23600.0,3,Delivered,Returning
ORD0911,2026-05-01,J&T,Yogyakarta,Yogyakarta,1.3,11700.0,3,Delivered,Returning
ORD0164,2026-05-01,JNE,Yogyakarta,Semarang,1.1,13600.0,3,Delivered,New
ORD0677,2026-05-02,AnterAja,Tangerang,Tangerang,2.6,20100.0,3,Cancelled,Returning
ORD0818,2026-05-02,JNE,Yogyakarta,Depok,3.8,34900.0,6,Delivered,Returning
ORD0600,2026-05-02,JNE,Tangerang,Bekasi,1.6,20100.0,5,Delivered,New
ORD0583,2026-05-02,AnterAja,Tangerang,Surabaya,0.6,14500.0,4,Delivered,Returning
ORD0009,2026-05-02,SiCepat,Surabaya,Bekasi,1.3,17400.0,4,Delivered,Returning
ORD0437,2026-05-02,SiCepat,Yogyakarta,Tangerang,3.2,25500.0,4,Delivered,New
ORD0207,2026-05-03,JNE,Bekasi,Yogyakarta,0.8,18700.0,4,Delivered,Returning
ORD0572,2026-05-03,J&T,Tangerang,Depok,2.7,23400.0,4,Delivered,Returning
ORD0754,2026-05-03,AnterAja,Bandung,Tangerang,0.6,9000.0,4,Delivered,New
ORD0103,2026-05-03,JNE,Bekasi,Yogyakarta,4.1,39600.0,6,Late,Returning
ORD0325,2026-05-04,SiCepat,Depok,Yogyakarta,2.1,15600.0,4,Delivered,New
ORD0490,2026-05-04,JNE,Depok,Tangerang,3.0,39900.0,5,Delivered,Returning
ORD0132,2026-05-04,JNE,Tangerang,Surabaya,3.2,29000.0,4,Delivered,Returning
ORD0084,2026-05-04,J&T,Semarang,Depok,4.9,36300.0,4,Delivered,Returning
ORD0418,2026-05-04,AnterAja,Semarang,Yogyakarta,1.7,20700.0,5,Cancelled,New
ORD0217,2026-05-04,JNE,Jakarta,Tangerang,2.4,21100.0,2,Delivered,New
ORD0388,2026-05-05,J&T,Jakarta,Bekasi,2.7,29500.0,5,Delivered,Returning
ORD0965,2026-05-06,AnterAja,Bekasi,Jakarta,5.8,48800.0,5,Delivered,Returning
ORD0200,2026-05-06,SiCepat,Bandung,Surabaya,0.9,,2,Late,Returning
ORD0798,2026-05-06,SiCepat,Bekasi,Bandung,1.2,19500.0,4,Delivered,New
ORD0441,2026-05-06,JNE,Bekasi,Semarang,2.8,24100.0,2,Delivered,Returning
ORD0883,2026-05-06,J&T,Bandung,Surabaya,0.6,12800.0,4,Delivered,Returning
ORD0627,2026-05-06,J&T,Surabaya,Depok,4.7,36900.0,5,Delivered,Returning
ORD0624,2026-05-06,AnterAja,Semarang,Jakarta,7.0,63900.0,4,Delivered,Returning
ORD0631,2026-05-07,JNE,Tangerang,Bandung,0.8,15700.0,3,Delivered,New
ORD0351,2026-05-07,J&T,Jakarta,Tangerang,2.0,25100.0,5,Late,New
ORD0432,2026-05-07,SiCepat,Bekasi,Bekasi,1.6,13800.0,1,Delivered,New
ORD0858,2026-05-07,JNE,Tangerang,Tangerang,2.9,21100.0,2,Delivered,New
ORD0561,2026-05-08,J&T,Bekasi,Jakarta,4.1,34400.0,5,Delivered,New
ORD0161,2026-05-08,JNE,Tangerang,Jakarta,0.5,9600.0,3,Delivered,New
ORD0483,2026-05-08,JNE,Surabaya,Bandung,3.3,31300.0,3,Delivered,Returning
ORD0337,2026-05-08,J&T,Bandung,Bandung,1.0,16200.0,2,Delivered,Returning
ORD0290,2026-05-08,JNE,Bekasi,Depok,1.4,19800.0,3,Delivered,New
ORD0294,2026-05-08,AnterAja,Yogyakarta,Semarang,3.7,30600.0,3,Delivered,New
ORD0231,2026-05-08,SiCepat,Tangerang,Jakarta,3.3,31300.0,3,Delivered,New
ORD0277,2026-05-08,JNE,Semarang,Bekasi,2.1,20800.0,4,Cancelled,Returning
ORD0094,2026-05-09,JNE,Tangerang,Bekasi,3.3,24700.0,3,Delivered,Returning
ORD0435,2026-05-09,SiCepat,Depok,Semarang,5.8,53200.0,4,Late,Returning
ORD0235,2026-05-09,AnterAja,Surabaya,Depok,1.6,19200.0,4,Delivered,Returning
ORD0446,2026-05-09,JNE,Yogyakarta,Semarang,0.7,9400.0,5,Delivered,Returning
ORD0722,2026-05-09,AnterAja,Bandung,Bandung,0.6,15200.0,2,Delivered,Returning
ORD0163,2026-05-09,SiCepat,Semarang,Semarang,3.0,18100.0,1,Delivered,Returning
ORD0198,2026-05-09,J&T,Tangerang,Tangerang,1.5,10500.0,3,Delivered,Returning
ORD0249,2026-05-09,J&T,Bandung,Depok,2.0,16500.0,6,Delivered,Returning
ORD0187,2026-05-10,AnterAja,Tangerang,Semarang,1.8,21800.0,4,Late,New
ORD0195,2026-05-10,J&T,Depok,Bekasi,2.7,21900.0,4,Delivered,Returning
ORD0978,2026-05-10,JNE,Bandung,Depok,4.7,30400.0,4,Delivered,New
ORD0023,2026-05-10,J&T,Yogyakarta,Bekasi,3.9,43100.0,4,Delivered,Returning
ORD0509,2026-05-10,JNE,Bandung,Surabaya,3.0,27600.0,5,Delivered,Returning
ORD0353,2026-05-10,JNE,Tangerang,Bandung,2.9,22700.0,4,Delivered,Returning
ORD0981,2026-05-10,J&T,Surabaya,Semarang,3.3,31000.0,4,Late,Returning
ORD0863,2026-05-10,J&T,Yogyakarta,Jakarta,2.4,20100.0,4,Delivered,Returning
ORD0201,2026-05-10,JNE,Jakarta,Yogyakarta,1.3,11000.0,4,Delivered,New
ORD0052,2026-05-10,JNE,Bekasi,Semarang,0.5,9000.0,4,Delivered,Returning
ORD0122,2026-05-11,JNE,Jakarta,Bekasi,1.3,21800.0,3,Cancelled,Returning
ORD0038,2026-05-11,SiCepat,Surabaya,Depok,0.8,18800.0,4,Delivered,Returning
ORD0188,2026-05-11,AnterAja,Jakarta,Tangerang,7.9,60000.0,3,Delivered,New
ORD0258,2026-05-11,SiCepat,Surabaya,Surabaya,1.3,13600.0,1,Delivered,New
ORD0016,2026-05-11,J&T,Yogyakarta,Bekasi,1.9,19400.0,5,Delivered,New
ORD0635,2026-05-11,SiCepat,Bandung,Bandung,2.7,13800.0,1,Late,Returning
ORD0927,2026-05-11,SiCepat,Surabaya,Bekasi,1.5,21100.0,5,Delivered,Returning
ORD0138,2026-05-12,JNE,Bandung,Semarang,0.7,12600.0,3,Delivered,New
ORD0613,2026-05-12,SiCepat,Tangerang,Tangerang,2.2,14500.0,2,Delivered,Returning
ORD0810,2026-05-12,AnterAja,Semarang,Bekasi,2.6,29600.0,4,Delivered,Returning
ORD0808,2026-05-12,J&T,Bandung,Surabaya,4.3,45200.0,3,Cancelled,Returning
ORD0045,2026-05-12,SiCepat,Semarang,Bekasi,1.3,20500.0,5,Late,Returning
ORD0788,2026-05-12,SiCepat,Tangerang,Yogyakarta,1.7,20100.0,3,Delivered,Returning
ORD0064,2026-05-12,JNE,Semarang,Bandung,7.3,51300.0,4,Delivered,Returning
ORD0727,2026-05-13,JNE,Bekasi,Depok,3.3,25400.0,4,Late,Returning
ORD0949,2026-05-13,AnterAja,Depok,Surabaya,4.8,44400.0,3,Delivered,New
ORD0584,2026-05-13,JNE,Surabaya,Depok,3.2,32100.0,3,Delivered,Returning
ORD0758,2026-05-13,AnterAja,Tangerang,Depok,1.1,14200.0,5,Late,Returning
ORD0830,2026-05-13,JNE,Yogyakarta,Semarang,1.3,15400.0,3,Delivered,Returning
ORD0786,2026-05-13,J&T,Depok,Bekasi,1.9,27000.0,4,Late,Returning
ORD0153,2026-05-14,JNE,Bandung,Bekasi,4.3,47900.0,3,Delivered,Returning
ORD0643,2026-05-14,JNE,Depok,Tangerang,1.4,17000.0,3,Delivered,Returning
ORD0694,2026-05-14,JNE,Bandung,Depok,3.5,33700.0,2,Delivered,New
ORD0066,2026-05-14,JNE,Semarang,Bandung,4.2,28600.0,4,Delivered,New
ORD0937,2026-05-14,AnterAja,Depok,Jakarta,5.2,50600.0,4,Late,New
ORD0971,2026-05-14,SiCepat,Tangerang,Surabaya,1.9,24000.0,3,Cancelled,Returning
ORD0040,2026-05-15,AnterAja,Surabaya,Tangerang,4.8,51500.0,4,Delivered,Returning
ORD0292,2026-05-15,JNE,Bandung,Depok,3.4,26000.0,4,Delivered,New
ORD0520,2026-05-15,AnterAja,Semarang,Semarang,2.9,15700.0,4,Delivered,Returning
ORD0107,2026-05-15,AnterAja,Semarang,Semarang,4.2,20300.0,3,Delivered,New
ORD0369,2026-05-15,JNE,Bekasi,Bandung,2.7,31000.0,4,Delivered,Returning
ORD0095,2026-05-16,AnterAja,Yogyakarta,Yogyakarta,2.4,17200.0,3,Delivered,Returning
ORD0681,2026-05-16,SiCepat,Bekasi,Depok,0.3,9300.0,4,Delivered,Returning
ORD0291,2026-05-16,J&T,Surabaya,Semarang,0.6,10500.0,4,Delivered,Returning
ORD0606,2026-05-16,AnterAja,Tangerang,Tangerang,3.4,18400.0,2,Delivered,Returning
ORD0944,2026-05-16,AnterAja,Surabaya,Yogyakarta,0.9,13500.0,3,Delivered,New
ORD0099,2026-05-16,J&T,Bandung,Yogyakarta,1.0,12700.0,5,Delivered,New
ORD0926,2026-05-17,JNE,Semarang,Jakarta,0.2,13100.0,4,Delivered,Returning
ORD0597,2026-05-17,SiCepat,Depok,Tangerang,3.3,29300.0,4,Late,New
ORD0171,2026-05-17,JNE,Surabaya,Bekasi,1.0,12800.0,4,Delivered,New
ORD0433,2026-05-17,AnterAja,Jakarta,Yogyakarta,3.7,37200.0,5,Delivered,Returning
ORD0128,2026-05-17,JNE,Yogyakarta,Bekasi,1.3,16400.0,3,Delivered,Returning
ORD0357,2026-05-17,J&T,Surabaya,Semarang,0.4,12300.0,4,Delivered,New
ORD0890,2026-05-18,JNE,Yogyakarta,Depok,0.9,14000.0,3,Delivered,New
ORD0789,2026-05-18,J&T,Semarang,Bandung,1.1,15400.0,5,Late,Returning
ORD0473,2026-05-18,SiCepat,Yogyakarta,Tangerang,7.1,42900.0,5,Delivered,Returning
ORD0976,2026-05-18,J&T,Bekasi,Semarang,5.7,62700.0,5,Cancelled,New
ORD0529,2026-05-18,JNE,Semarang,Bandung,4.7,44100.0,4,Delivered,Returning
ORD0214,2026-05-19,AnterAja,Depok,Yogyakarta,6.0,61400.0,5,Delivered,New
ORD0966,2026-05-19,JNE,Surabaya,Yogyakarta,9.0,86500.0,4,Delivered,Returning
ORD0097,2026-05-19,J&T,Tangerang,Semarang,3.8,43100.0,5,Late,New
ORD0569,2026-05-20,J&T,Tangerang,Semarang,1.2,19800.0,3,Delivered,New
ORD0434,2026-05-20,SiCepat,Surabaya,Bandung,2.4,21800.0,4,Delivered,Returning
ORD0957,2026-05-20,J&T,Yogyakarta,Yogyakarta,1.4,12200.0,2,Delivered,New
ORD0487,2026-05-20,SiCepat,Bekasi,Tangerang,1.8,17300.0,2,Delivered,New
ORD0556,2026-05-20,J&T,Semarang,Bandung,1.3,16100.0,4,Delivered,Returning
ORD0251,2026-05-20,J&T,Bekasi,Depok,1.8,22300.0,4,Delivered,New
ORD0691,2026-05-21,AnterAja,Tangerang,Semarang,1.1,11900.0,4,Delivered,Returning
ORD0594,2026-05-21,J&T,Surabaya,Depok,0.4,13100.0,2,Delivered,New
ORD0626,2026-05-21,SiCepat,Bandung,Tangerang,4.8,45500.0,2,Delivered,Returning
ORD0552,2026-05-21,SiCepat,Yogyakarta,Tangerang,1.4,20200.0,4,Delivered,Returning
ORD0505,2026-05-21,AnterAja,Bekasi,Tangerang,2.7,29700.0,5,Delivered,Returning
ORD0961,2026-05-22,SiCepat,Surabaya,Depok,0.9,10200.0,4,Delivered,New
ORD0125,2026-05-22,AnterAja,Yogyakarta,Bandung,1.3,26300.0,5,Delivered,Returning
ORD0286,2026-05-22,AnterAja,Tangerang,Yogyakarta,3.4,30200.0,4,Delivered,Returning
ORD0582,2026-05-22,JNE,Yogyakarta,Tangerang,1.6,16600.0,6,Delivered,Returning
ORD0765,2026-05-22,JNE,Tangerang,Surabaya,2.7,29100.0,4,Delivered,Returning
ORD0377,2026-05-22,JNE,Bandung,Yogyakarta,4.6,41800.0,6,Delivered,New
ORD0379,2026-05-23,JNE,Surabaya,Yogyakarta,4.9,49800.0,4,Delivered,New
ORD0989,2026-05-23,JNE,Depok,Bekasi,1.0,11800.0,4,Delivered,Returning
ORD0661,2026-05-23,SiCepat,Bekasi,Bekasi,1.3,13500.0,2,Delivered,New
ORD0140,2026-05-23,J&T,Depok,Surabaya,5.8,68300.0,5,Delivered,Returning
ORD0460,2026-05-24,SiCepat,Bandung,Semarang,0.9,15500.0,5,Delivered,Returning
ORD0575,2026-05-24,SiCepat,Jakarta,Yogyakarta,2.0,26600.0,4,Delivered,New
ORD0565,2026-05-24,JNE,Surabaya,Depok,3.5,39700.0,4,Delivered,Returning
ORD0806,2026-05-24,J&T,Depok,Surabaya,4.8,28700.0,5,Delivered,Returning
ORD0376,2026-05-24,JNE,Semarang,Tangerang,0.2,9000.0,5,Late,New
ORD0215,2026-05-24,J&T,Bekasi,Jakarta,1.0,17800.0,6,Delivered,Returning
ORD0415,2026-05-24,JNE,Depok,Semarang,1.9,17800.0,3,Delivered,Returning
ORD0243,2026-05-24,SiCepat,Bandung,Yogyakarta,5.0,37400.0,4,Delivered,Returning
ORD0668,2026-05-24,SiCepat,Semarang,Semarang,1.2,9000.0,2,Delivered,Returning
ORD0453,2026-05-24,AnterAja,Tangerang,Jakarta,0.5,12600.0,3,Delivered,New
ORD0293,2026-05-25,AnterAja,Bekasi,Jakarta,3.6,20800.0,6,Delivered,New
ORD0591,2026-05-25,AnterAja,Yogyakarta,Bekasi,4.6,32500.0,4,Delivered,Returning
ORD0610,2026-05-25,SiCepat,Jakarta,Yogyakarta,1.8,18100.0,5,Delivered,Returning
ORD0760,2026-05-25,SiCepat,Bandung,Jakarta,1.7,17800.0,4,Delivered,Returning
ORD0688,2026-05-25,AnterAja,Surabaya,Jakarta,3.2,35700.0,5,Delivered,Returning
ORD0886,2026-05-25,JNE,Tangerang,Bekasi,3.5,31900.0,4,Delivered,Returning
ORD0208,2026-05-25,JNE,Yogyakarta,Semarang,0.7,15900.0,3,Delivered,Returning
ORD0735,2026-05-25,J&T,Bekasi,Yogyakarta,2.6,28700.0,3,Delivered,Returning
ORD0422,2026-05-25,AnterAja,Semarang,Bekasi,4.0,33300.0,6,Late,Returning
ORD0790,2026-05-25,SiCepat,Tangerang,Tangerang,2.1,13800.0,2,Delivered,New
ORD0893,2026-05-26,SiCepat,Depok,Jakarta,2.1,24200.0,3,Delivered,Returning
ORD0276,2026-05-26,J&T,Bekasi,Semarang,2.8,26600.0,4,Delivered,New
ORD0657,2026-05-26,AnterAja,Bekasi,Tangerang,0.4,9000.0,5,Delivered,New
ORD0071,2026-05-26,AnterAja,Semarang,Tangerang,1.7,20700.0,4,Late,Returning
ORD0587,2026-05-26,AnterAja,Jakarta,Surabaya,1.3,16700.0,3,Delivered,Returning
ORD0708,2026-05-26,JNE,Tangerang,Depok,1.2,15500.0,3,Delivered,Returning
ORD0223,2026-05-27,J&T,Tangerang,Semarang,2.0,21500.0,4,Delivered,Returning
ORD0474,2026-05-27,J&T,Bekasi,Semarang,3.8,44400.0,5,Delivered,Returning
ORD0256,2026-05-27,JNE,Yogyakarta,Jakarta,5.3,,4,Delivered,New
ORD0225,2026-05-27,AnterAja,Bekasi,Depok,2.4,20400.0,3,Cancelled,New
ORD0557,2026-05-27,JNE,Bekasi,Surabaya,4.3,32900.0,3,Delivered,New
ORD0820,2026-05-27,JNE,Jakarta,Semarang,2.6,24000.0,5,Delivered,New
ORD0655,2026-05-27,J&T,Bandung,Bekasi,5.5,35700.0,5,Delivered,Returning
ORD0199,2026-05-27,AnterAja,Bandung,Yogyakarta,3.3,28900.0,5,Delivered,New
ORD0421,2026-05-27,SiCepat,Tangerang,Depok,2.3,18800.0,5,Delivered,Returning
ORD0314,2026-05-27,JNE,Semarang,Bandung,3.4,41800.0,4,Delivered,New
ORD0221,2026-05-28,J&T,Yogyakarta,Depok,2.4,25800.0,5,Delivered,Returning
ORD0289,2026-05-28,AnterAja,Bekasi,Bandung,1.1,15200.0,5,Delivered,Returning
ORD0629,2026-05-28,J&T,Bandung,Depok,0.8,13900.0,2,Late,Returning
ORD0226,2026-05-28,JNE,Semarang,Bandung,3.1,22400.0,3,Delivered,Returning
ORD0259,2026-05-28,JNE,Bekasi,Surabaya,1.9,27000.0,2,Delivered,Returning
ORD0651,2026-05-29,JNE,Jakarta,Tangerang,2.8,29700.0,5,Late,Returning
ORD0827,2026-05-29,J&T,Bandung,Jakarta,5.1,49400.0,5,Delivered,New
ORD0723,2026-05-29,JNE,Depok,Bekasi,6.5,59600.0,4,Delivered,New
ORD0017,2026-05-30,AnterAja,Depok,Surabaya,2.8,18600.0,5,Delivered,Returning
ORD0914,2026-05-30,SiCepat,Depok,Surabaya,0.9,16600.0,4,Delivered,Returning
ORD0389,2026-05-30,SiCepat,Yogyakarta,Tangerang,0.7,16000.0,4,Delivered,Returning
ORD0975,2026-05-31,JNE,Depok,Jakarta,1.4,11700.0,5,Delivered,Returning
ORD0763,2026-05-31,JNE,Tangerang,Jakarta,4.5,54400.0,3,Delivered,Returning
ORD0139,2026-05-31,J&T,Yogyakarta,Bandung,2.4,26000.0,4,Delivered,Returning
ORD0872,2026-05-31,SiCepat,Bandung,Semarang,4.4,32200.0,3,Delivered,Returning
ORD0537,2026-05-31,J&T,Jakarta,Tangerang,1.5,15000.0,4,Delivered,Returning
ORD0113,2026-05-31,J&T,Bandung,Jakarta,3.1,31100.0,5,Delivered,New
ORD0802,2026-05-31,JNE,Bandung,Yogyakarta,2.6,24500.0,3,Delivered,New
ORD0574,2026-05-31,J&T,Depok,Tangerang,2.0,23300.0,4,Delivered,Returning
ORD0350,2026-05-31,J&T,Bandung,Semarang,2.4,25000.0,4,Cancelled,New
ORD0238,2026-05-31,J&T,Bandung,Semarang,2.7,28600.0,5,Delivered,New
ORD0536,2026-06-01,SiCepat,Depok,Yogyakarta,5.3,36800.0,4,Late,New
ORD0531,2026-06-01,SiCepat,Bekasi,Surabaya,1.6,18200.0,2,Delivered,Returning
ORD0931,2026-06-01,SiCepat,Bekasi,Tangerang,1.9,15400.0,5,Delivered,Returning
ORD0990,2026-06-01,SiCepat,Bekasi,Yogyakarta,1.1,17100.0,2,Delivered,Returning
ORD0176,2026-06-01,SiCepat,Surabaya,Bandung,6.4,61000.0,4,Late,Returning
ORD0673,2026-06-01,JNE,Jakarta,Semarang,2.0,24100.0,6,Late,Returning
ORD0924,2026-06-01,J&T,Depok,Depok,1.1,10300.0,1,Delivered,New
ORD0486,2026-06-01,J&T,Depok,Jakarta,2.5,32700.0,4,Late,New
ORD0264,2026-06-01,JNE,Jakarta,Surabaya,7.8,42300.0,5,Delivered,Returning
ORD0015,2026-06-01,J&T,Yogyakarta,Bandung,3.5,26500.0,4,Delivered,Returning
ORD0366,2026-06-01,AnterAja,Jakarta,Surabaya,2.8,37000.0,4,Late,New
ORD0260,2026-06-01,J&T,Bandung,Semarang,1.4,15800.0,3,Late,New
ORD0638,2026-06-02,AnterAja,Semarang,Semarang,3.4,18500.0,2,Delivered,Returning
ORD0386,2026-06-02,AnterAja,Surabaya,Jakarta,1.5,23300.0,5,Delivered,Returning
ORD0365,2026-06-02,AnterAja,Bekasi,Depok,1.7,19700.0,2,Delivered,Returning
ORD0274,2026-06-02,JNE,Semarang,Semarang,2.6,19000.0,1,Cancelled,Returning
ORD0698,2026-06-02,JNE,Semarang,Surabaya,5.4,40800.0,3,Delivered,Returning
ORD0083,2026-06-03,JNE,Depok,Depok,0.9,9800.0,1,Delivered,New
ORD0452,2026-06-03,SiCepat,Yogyakarta,Surabaya,2.8,23600.0,3,Delivered,New
ORD0515,2026-06-03,JNE,Jakarta,Semarang,1.7,17000.0,3,Cancelled,Returning
ORD0951,2026-06-03,AnterAja,Surabaya,Yogyakarta,1.5,15600.0,3,Delivered,New
ORD0750,2026-06-03,AnterAja,Tangerang,Yogyakarta,0.9,20800.0,4,Delivered,Returning
ORD0865,2026-06-03,J&T,Jakarta,Bekasi,4.3,38300.0,5,Delivered,New
ORD0838,2026-06-04,SiCepat,Surabaya,Surabaya,3.6,21000.0,2,Delivered,New
ORD0687,2026-06-04,J&T,Yogyakarta,Yogyakarta,2.5,11900.0,2,Delivered,New
ORD0352,2026-06-04,J&T,Semarang,Bandung,1.5,23000.0,5,Delivered,New
ORD0813,2026-06-04,SiCepat,Semarang,Yogyakarta,1.8,23500.0,5,Delivered,Returning
ORD0170,2026-06-04,JNE,Yogyakarta,Bekasi,3.8,38700.0,4,Delivered,Returning
ORD0674,2026-06-05,JNE,Jakarta,Surabaya,4.9,35200.0,4,Delivered,Returning
ORD0086,2026-06-06,J&T,Tangerang,Surabaya,0.9,18400.0,4,Delivered,Returning
ORD0524,2026-06-06,SiCepat,Yogyakarta,Bandung,7.3,54500.0,2,Delivered,New
ORD0690,2026-06-06,SiCepat,Surabaya,Jakarta,1.5,20300.0,2,Delivered,New
ORD0021,2026-06-07,J&T,Depok,Surabaya,2.2,25000.0,4,Delivered,Returning
ORD0320,2026-06-07,JNE,Bekasi,Yogyakarta,3.6,36500.0,5,Cancelled,New
ORD0420,2026-06-07,J&T,Surabaya,Surabaya,0.9,17500.0,3,Delivered,New
ORD0300,2026-06-07,AnterAja,Semarang,Bandung,4.7,26300.0,4,Delivered,Returning
ORD0239,2026-06-08,JNE,Tangerang,Surabaya,2.2,22300.0,3,Delivered,Returning
ORD0616,2026-06-08,AnterAja,Semarang,Bekasi,1.5,,4,Delivered,New
ORD0662,2026-06-08,JNE,Bekasi,Surabaya,4.8,32000.0,4,Delivered,Returning
ORD0815,2026-06-09,JNE,Semarang,Semarang,2.2,11800.0,2,Delivered,Returning
ORD0647,2026-06-09,JNE,Bandung,Yogyakarta,4.3,22000.0,4,Delivered,Returning
ORD0145,2026-06-09,J&T,Tangerang,Semarang,2.0,19000.0,4,Delivered,Returning
ORD0334,2026-06-09,AnterAja,Jakarta,Tangerang,6.7,49200.0,7,Late,Returning
ORD0205,2026-06-09,SiCepat,Bandung,Semarang,4.4,50500.0,5,Delivered,New
ORD0204,2026-06-09,AnterAja,Surabaya,Semarang,0.5,11800.0,5,Delivered,New
ORD0253,2026-06-09,AnterAja,Bekasi,Depok,2.6,28700.0,5,Delivered,New
ORD0179,2026-06-09,AnterAja,Surabaya,Tangerang,3.1,28400.0,4,Delivered,New
ORD0484,2026-06-09,JNE,Depok,Surabaya,2.1,26400.0,4,Delivered,New
ORD0718,2026-06-10,J&T,Tangerang,Surabaya,2.8,25800.0,4,Delivered,New
ORD0689,2026-06-10,AnterAja,Jakarta,Jakarta,9.1,34700.0,2,Delivered,New
ORD0492,2026-06-10,J&T,Jakarta,Surabaya,4.7,46000.0,6,Delivered,Returning
ORD0970,2026-06-10,SiCepat,Tangerang,Jakarta,2.0,25700.0,3,Delivered,New
ORD0499,2026-06-10,SiCepat,Jakarta,Bandung,2.8,31200.0,4,Delivered,New
ORD0263,2026-06-10,SiCepat,Surabaya,Jakarta,1.9,23700.0,4,Delivered,Returning
ORD0229,2026-06-10,AnterAja,Depok,Jakarta,2.2,21200.0,2,Delivered,Returning
ORD0025,2026-06-10,J&T,Yogyakarta,Yogyakarta,1.4,14100.0,1,Delivered,Returning
ORD0640,2026-06-10,JNE,Depok,Tangerang,5.5,30400.0,3,Delivered,New
ORD0335,2026-06-10,SiCepat,Tangerang,Jakarta,3.2,37500.0,3,Delivered,New
ORD0283,2026-06-10,J&T,Depok,Bandung,2.6,21700.0,5,Delivered,New
ORD0356,2026-06-10,AnterAja,Surabaya,Surabaya,2.0,15300.0,3,Delivered,Returning
ORD0751,2026-06-11,SiCepat,Tangerang,Semarang,6.6,46000.0,3,Delivered,New
ORD0517,2026-06-11,J&T,Bekasi,Surabaya,0.8,11700.0,4,Delivered,Returning
ORD0110,2026-06-11,SiCepat,Tangerang,Yogyakarta,1.3,18800.0,3,Delivered,New
ORD0073,2026-06-11,SiCepat,Jakarta,Bandung,2.3,22500.0,3,Delivered,Returning
ORD0281,2026-06-12,J&T,Tangerang,Tangerang,3.9,23100.0,4,Delivered,New
ORD0101,2026-06-12,J&T,Yogyakarta,Depok,4.3,33800.0,4,Delivered,New
ORD0585,2026-06-12,J&T,Yogyakarta,Bekasi,4.2,35700.0,2,Delivered,Returning
ORD0100,2026-06-12,JNE,Semarang,Depok,4.5,31000.0,5,Delivered,Returning
ORD0992,2026-06-12,JNE,Bandung,Tangerang,1.0,14000.0,3,Delivered,Returning
ORD0489,2026-06-12,J&T,Surabaya,Bandung,3.5,31500.0,4,Late,Returning
ORD0528,2026-06-13,JNE,Tangerang,Bekasi,1.9,13700.0,3,Delivered,Returning
ORD0526,2026-06-13,SiCepat,Semarang,Jakarta,1.8,15800.0,4,Delivered,Returning
ORD0268,2026-06-13,SiCepat,Depok,Depok,3.0,20500.0,2,Delivered,Returning
ORD0654,2026-06-13,AnterAja,Surabaya,Jakarta,3.7,33200.0,6,Late,Returning
ORD0222,2026-06-13,JNE,Surabaya,Bekasi,0.6,14900.0,4,Cancelled,Returning
ORD0061,2026-06-13,SiCepat,Jakarta,Bandung,2.6,31100.0,4,Delivered,Returning
ORD0679,2026-06-13,JNE,Semarang,Tangerang,2.0,27400.0,5,Late,New
ORD0603,2026-06-14,JNE,Yogyakarta,Bekasi,4.1,31800.0,4,Delivered,Returning
ORD0173,2026-06-14,AnterAja,Depok,Bandung,3.3,22300.0,4,Delivered,New
ORD0733,2026-06-14,SiCepat,Yogyakarta,Tangerang,0.2,9000.0,4,Delivered,New
ORD0641,2026-06-15,SiCepat,Jakarta,Semarang,0.5,9700.0,1,Delivered,New
ORD0770,2026-06-15,J&T,Bekasi,Bandung,1.1,20400.0,5,Late,Returning
ORD0269,2026-06-15,J&T,Bandung,Yogyakarta,0.8,13700.0,4,Delivered,Returning
ORD0780,2026-06-15,J&T,Surabaya,Bandung,6.6,44900.0,5,Late,Returning
ORD0604,2026-06-15,AnterAja,Tangerang,Jakarta,4.1,37800.0,4,Delivered,Returning
ORD0581,2026-06-16,SiCepat,Semarang,Tangerang,1.7,19600.0,2,Delivered,New
ORD0633,2026-06-16,J&T,Bandung,Bandung,2.7,15200.0,1,Delivered,New
ORD0619,2026-06-16,SiCepat,Jakarta,Depok,7.2,59300.0,5,Delivered,New
ORD0043,2026-06-16,J&T,Bekasi,Bandung,3.4,26600.0,4,Delivered,New
ORD0980,2026-06-17,AnterAja,Bekasi,Tangerang,2.5,27000.0,4,Delivered,Returning
ORD0595,2026-06-17,AnterAja,Depok,Tangerang,1.2,16200.0,4,Delivered,New
ORD0500,2026-06-17,SiCepat,Surabaya,Semarang,7.2,66700.0,3,Cancelled,Returning
ORD0899,2026-06-17,SiCepat,Tangerang,Jakarta,2.7,34200.0,4,Delivered,New
ORD0413,2026-06-17,J&T,Yogyakarta,Semarang,1.2,17500.0,4,Delivered,Returning
ORD0230,2026-06-17,AnterAja,Tangerang,Jakarta,0.7,13300.0,3,Delivered,New
ORD0282,2026-06-18,JNE,Bekasi,Jakarta,2.0,22300.0,5,Delivered,Returning
ORD0903,2026-06-18,JNE,Tangerang,Yogyakarta,0.6,12700.0,2,Delivered,Returning
ORD0395,2026-06-19,J&T,Tangerang,Yogyakarta,1.3,17500.0,4,Late,Returning
ORD0596,2026-06-19,J&T,Bekasi,Jakarta,4.1,34800.0,3,Delivered,Returning
ORD0361,2026-06-19,AnterAja,Semarang,Yogyakarta,1.0,14500.0,4,Delivered,Returning
ORD0824,2026-06-19,J&T,Tangerang,Bandung,1.1,17500.0,3,Delivered,New
ORD0150,2026-06-19,AnterAja,Tangerang,Semarang,5.7,39200.0,4,Late,Returning
ORD0031,2026-06-19,SiCepat,Depok,Bandung,1.3,18100.0,2,Delivered,Returning
ORD0141,2026-06-20,JNE,Tangerang,Tangerang,1.4,16800.0,3,Delivered,Returning
ORD0494,2026-06-20,JNE,Semarang,Depok,2.1,28100.0,5,Delivered,Returning
ORD0175,2026-06-21,J&T,Depok,Semarang,1.1,18400.0,4,Delivered,New
ORD0117,2026-06-21,J&T,Yogyakarta,Bandung,2.3,22600.0,5,Delivered,Returning
ORD0056,2026-06-21,SiCepat,Bekasi,Tangerang,0.5,14600.0,3,Delivered,Returning
ORD0203,2026-06-21,J&T,Jakarta,Tangerang,2.4,29700.0,4,Late,New
ORD0319,2026-06-21,SiCepat,Depok,Yogyakarta,1.5,15900.0,4,Delivered,Returning
ORD0977,2026-06-21,JNE,Tangerang,Bekasi,3.0,23100.0,4,Delivered,New
ORD0947,2026-06-22,AnterAja,Surabaya,Tangerang,1.8,23000.0,5,Delivered,Returning
ORD0625,2026-06-22,SiCepat,Tangerang,Bandung,2.7,23200.0,4,Delivered,Returning
ORD0648,2026-06-22,SiCepat,Tangerang,Surabaya,4.9,49300.0,5,Delivered,New
ORD0372,2026-06-22,AnterAja,Bekasi,Tangerang,3.8,32200.0,4,Delivered,New
ORD0646,2026-06-22,SiCepat,Bandung,Bandung,1.4,19800.0,2,Delivered,Returning
ORD0741,2026-06-22,SiCepat,Jakarta,Yogyakarta,3.4,39500.0,5,Late,New
ORD0593,2026-06-23,AnterAja,Bandung,Depok,0.4,11300.0,3,Delivered,Returning
ORD0344,2026-06-23,SiCepat,Surabaya,Jakarta,2.0,19500.0,4,Delivered,Returning
ORD0033,2026-06-24,AnterAja,Yogyakarta,Bekasi,3.3,33200.0,4,Delivered,Returning
ORD0348,2026-06-24,JNE,Jakarta,Depok,2.6,24100.0,5,Delivered,Returning
ORD0121,2026-06-24,SiCepat,Jakarta,Bekasi,1.0,21200.0,3,Delivered,Returning
ORD0058,2026-06-24,JNE,Semarang,Semarang,1.4,9000.0,4,Delivered,New
ORD0296,2026-06-25,SiCepat,Semarang,Bekasi,5.5,33200.0,3,Delivered,Returning
ORD0461,2026-06-25,J&T,Depok,Bekasi,1.8,23700.0,3,Delivered,Returning
ORD0359,2026-06-25,SiCepat,Bandung,Yogyakarta,0.4,10600.0,3,Delivered,Returning
ORD0554,2026-06-26,SiCepat,Bandung,Surabaya,1.7,25400.0,5,Delivered,New
ORD0835,2026-06-26,AnterAja,Bekasi,Bandung,1.8,25500.0,6,Delivered,Returning
ORD0717,2026-06-26,JNE,Bandung,Semarang,3.8,33000.0,6,Late,New
ORD0532,2026-06-26,SiCepat,Jakarta,Jakarta,3.5,20700.0,2,Cancelled,Returning
ORD0709,2026-06-26,AnterAja,Semarang,Semarang,3.2,18900.0,5,Cancelled,Returning
ORD0998,2026-06-27,JNE,Surabaya,Yogyakarta,0.4,12600.0,3,Delivered,Returning
ORD0237,2026-06-27,J&T,Depok,Jakarta,0.2,13300.0,4,Delivered,Returning
ORD0488,2026-06-27,SiCepat,Yogyakarta,Bekasi,0.6,12200.0,3,Delivered,Returning
ORD0816,2026-06-27,J&T,Jakarta,Bandung,4.7,35200.0,7,Late,Returning
ORD0683,2026-06-27,JNE,Tangerang,Jakarta,1.9,27900.0,4,Delivered,New
ORD0972,2026-06-27,JNE,Bekasi,Depok,0.5,11800.0,5,Delivered,New
ORD0598,2026-06-27,J&T,Depok,Bekasi,3.5,36900.0,4,Delivered,Returning
ORD0493,2026-06-28,J&T,Tangerang,Semarang,1.5,17300.0,5,Delivered,Returning
ORD0778,2026-06-28,SiCepat,Surabaya,Bekasi,1.4,15300.0,2,Delivered,Returning
ORD0768,2026-06-28,J&T,Yogyakarta,Bandung,0.2,9000.0,5,Late,Returning
ORD0941,2026-06-28,J&T,Semarang,Depok,2.7,26000.0,3,Delivered,New
ORD0133,2026-06-28,SiCepat,Surabaya,Yogyakarta,2.0,15000.0,3,Delivered,New
ORD0454,2026-06-28,SiCepat,Surabaya,Jakarta,2.3,26000.0,3,Delivered,Returning
ORD0946,2026-06-28,AnterAja,Bekasi,Yogyakarta,0.9,14800.0,4,Late,Returning
ORD0394,2026-06-29,JNE,Jakarta,Semarang,1.1,18600.0,3,Delivered,New
ORD0472,2026-06-29,JNE,Bandung,Depok,5.0,38300.0,3,Delivered,New
ORD0181,2026-06-29,JNE,Semarang,Surabaya,2.6,28300.0,4,Delivered,Returning
ORD0856,2026-06-29,JNE,Bandung,Depok,6.7,61300.0,4,Delivered,Returning
ORD0906,2026-06-29,JNE,Depok,Yogyakarta,1.2,23000.0,3,Delivered,Returning
ORD0002,2026-06-29,AnterAja,Bandung,Tangerang,3.5,29400.0,6,Delivered,New
ORD0571,2026-06-29,JNE,Tangerang,Tangerang,1.3,12300.0,1,Delivered,Returning
ORD0913,2026-06-30,J&T,Tangerang,Yogyakarta,0.9,19400.0,3,Late,New
ORD0330,2026-06-30,AnterAja,Semarang,Depok,4.5,38700.0,7,Delivered,New
ORD0730,2026-06-30,AnterAja,Yogyakarta,Jakarta,1.5,22200.0,6,Delivered,New
ORD0579,2026-06-30,JNE,Yogyakarta,Bandung,1.1,16200.0,5,Delivered,Returning
ORD0773,2026-04-08,J&T,Depok,Jakarta,4.7,31400.0,5,Delivered,New
ORD0694,2026-05-14,JNE,Bandung,Depok,3.5,33700.0,2,Delivered,New
ORD0971,2026-05-14,SiCepat,Tangerang,Surabaya,1.9,24000.0,3,Cancelled,Returning
ORD0164,2026-05-01,JNE,Yogyakarta,Semarang,1.1,13600.0,3,Delivered,New
ORD0968,2026-03-18,AnterAja,Bandung,Bekasi,3.4,24500.0,4,Delivered,New
